seed_company,related_company,final_label,final_confidence,safety_score,agreement_count,num_models,final_status,needs_human_review,evidence_urls,summary
Alnylam Pharmaceuticals Inc,"Sirna Therapeutics, Inc.",Acquisition,1.0,1.0,3,3,accepted_by_consensus,False,https://www.merck.com/news/merck-provides-update-on-accelerated-strategic-actions-for-growth-at-32nd-annual-j-p-morgan-healthcare-conference/ | https://d18rn0p25nwr6d.cloudfront.net/CIK-0000310158/c674730f-0e76-4538-8147-bc7e0661f826.pdf | https://arrowheadpharma.com/en-us/newsroom/alnylam-and-arrowhead-form-collaboration-and-licensing-agreement | https://www.merck.com/news/merck-to-acquire-cidara-therapeutics-inc-diversifying-its-portfolio-to-include-late-phase-antiviral-agent/ | https://en.wikipedia.org/wiki/Alnylam_Pharmaceuticals | https://ir.ionispharma.com/news-releases/news-release-details/isis-and-alnylam-form-new-collaboration-develop-single-stranded | https://www.alnylam.com/our-science/sirna-delivery-platforms | https://en.wikipedia.org/wiki/Sirna_Therapeutics | https://www.upi.com/Health_News/2006/10/31/Merck-buys-Sirna-Therapeutics-for-11B/69691162326848/ | https://www.alnylam.com/our-science/the-science-of-rnai | https://www.alnylam.com/medical-professional-resources | https://pharmatimes.com/news/merck_and_co_and_alnylam_terminate_rnai_alliance_990910/ | https://www.biospace.com/press-releases/peptidream-and-alnylam-announce-achievement-of-key-milestone-in-sirna-conjugate-discovery-collaboration-demonstrating-peptide-ligand-mediated-targeted-sirna-delivery-to-specific-extrahepatic-tissues | https://alnylampharmaceuticalsinc.gcs-web.com/news-releases/news-release-details/alnylam-continues-scientific-leadership-advancement-rnai | https://www.colorado.edu/venturepartners/sirna | https://www.alnylam.com/sites/default/files/2025-07/ALNY_RNAi%20Factsheet_ALNYRNAIFS.pdf | https://en.wikipedia.org/wiki/Regulus_Therapeutics | https://alnylampharmaceuticalsinc.gcs-web.com/static-files/82c3c96e-1a85-4689-9c31-61bd1c0b391e | https://investors.alnylam.com/sites/default/files/pdfs/2023-alnylam-annual-report.pdf | https://de.wikipedia.org/wiki/Alnylam_Pharmaceuticals | https://mainstaymedical.com/wp-content/uploads/2025/10/20170323_MMIplc-FY16-AR-Press-Release-English-with-Annual-Report-FINAL.pdf | https://media.corporate-ir.net/media_files/irol/14/148005/05ar.pdf | https://www.seattlepi.com/business/fool/article/it-s-official-merck-now-owns-part-of-alnylam-5317323.php | https://www.biocentury.com/article/215194/alnylam-merck-deal | https://www.thepharmaletter.com/biotechnology/alnylam-to-acquire-merck-s-sirna-therapeutics | https://mergr.com/transaction/alnylam-acquires-sirna-therapeutics | https://www.bioworld.com/articles/638680-alnylam-pharmaceuticals-closes-acquisition-with-sirna-therapeutics | https://www.marketscreener.com/quote/stock/ALNYLAM-PHARMACEUTICALS-I-8322/news/Alnylam-Pharmaceuticals-Inc-signed-an-agreement-to-acquire-Sirna-Therapeutics-Inc-from-Merck-Shar-38847693/ | https://www.lifesciencesipreview.com/americas/alnylam-acquires-merck-s-rnai-assets-and-ip | https://www.biocentury.com/article/272546/alnylam-jumps-on-genzyme-sirna-deal | https://www.fiercepharma.com/drug-delivery/alnylam-announces-new-rnai-therapeutic-program-for-treatment-of-hepatitis-b-virus-hbv | https://investor.agios.com/news-releases/news-release-details/agios-announces-exclusive-worldwide-license-agreement-novel | https://companiesmarketcap.com/aud/alnylam-pharmaceuticals/sec-reports-10q/0001193125-14-192579/ | https://alnylampharmaceuticalsinc.gcs-web.com/static-files/15cc9ccf-e428-4277-b15c-dd6f58664d6b | https://www.biopharmadive.com/news/alnylam-dicerna-settle-rnai-trade-secrets-lawsuit/521888/ | https://alnylampharmaceuticalsinc.gcs-web.com/static-files/66c22862-4f85-45e3-84d9-4c58d38057af | https://annualreport.stocklight.com/nasdaq/alny/15615607.pdf | https://stocklight.com/stocks/us/nasdaq-alny/alnylam-pharmaceuticals/annual-reports/nasdaq-alny-2015-10K-15615607.pdf | https://www.reddit.com/r/Livimmune/comments/1iagp78 | https://www.biospace.com/article/releases/alnylam-pharmaceuticals-announces-closing-of-previously-announced-acquisition-of-merck-and-co-inc-s-sirna-therapeutics-inc-subsidiary/ | https://www.pharmaceutical-technology.com/news/newsalnylam-buys-mercks-sirna-therapeutics-4158860/ | https://investors.alnylam.com/press-release?id=18936 | https://vertexaisearch.cloud.google.com/grounding-api-redirect/AUZIYQFIV7hEfvsaC4B4gt7xOm7nXvesQDXXQgifZf112maSYlErSzFbRbUG1npZEJa3iTVUKpEnWfWLjLLDfEcRaKT7gvyvlWrVnrK1tSfOoIc3cWLyvMch0U9pWok88o0ar1KnNmXpMU7IJFZx38fr3Qk6RY8sB8bVsKmfcZzXkJ5p8BECaFcT1opn52p_0Hez8uJlZy_e7WrMQ6tC0ZdrvYyON0NHXcejTBEh4iYi0Szcke_-09N9mqBokFwWkRUeCOoqWA7GI-ojPO69BapDDf7GxIKfYV0XZznYng== | https://vertexaisearch.cloud.google.com/grounding-api-redirect/AUZIYQE-fhojSKXd6WjYCUiImobtZv3YAyA5vVYZZOnaa-FwEBP3DtMSehd-CTJ-gESuLtzMCd13JGpSeqw0U4Quf6CVVzXFkpgCmNqmjviW3ZngSAw-3HQrRMCU22ZcydmY6L2dZdhO-lHMatDTH6a0wyneg3shSPo58LGNM8PQOa0we-Pn-yKJUdWjL_XTV-OeYGA= | https://vertexaisearch.cloud.google.com/grounding-api-redirect/AUZIYQEsk9FVnWMaqtczmDQuZr2hUHsI2E6DFLw_-BmSQI8LQpxgYnqrKIlMjXx8m8Q1cgNiJQiNuAzdjU6f7HOpCaNABwDqEb5enoc7tPZ6YLVKVSHv-PzfunLfBhIAXs8bCkf_Bt7o50e4F1TBaDOBLJCPFHLNkgBITTbS8JV33neIY9xjrYuW_-mkfS3qO9u_3UakZ0hSZdy0QpuzGazm | https://vertexaisearch.cloud.google.com/grounding-api-redirect/AUZIYQHwuTdXgna9QRXVMU3rHJkGjvXwRYpSj2Up4VaXMvKWJTWzS1SXuhD_-0MABCsZusUhJR6Uf6UMEako7o-992rbkY1ONcdt52-Tz0-qS8Q8s_CUl--QDgR4-JzWcLTHhksZboRkYOxYWZLw7GQ1WdECPJnWjm5ZUHi_wzhZ8zcf-J5tdKOEf6bg0CoQ9g== | https://vertexaisearch.cloud.google.com/grounding-api-redirect/AUZIYQH2fLZ3QmAEa06By4gmVq04tfBDyzfQypZ08u80HUQF8-LFbxR8KpNR5fw1pSyGi5m1kUYvrvSkAGfyF3EUopmwsU06M1j2LwSkvtbm7v5pGM4sFOf5BcTAo3z60I17HWvJT2exgemUwivHTW4z1vAJ | https://vertexaisearch.cloud.google.com/grounding-api-redirect/AUZIYQF2lbRGaLOVUkfaGr1K7w2LAailoxM4clfBE0DaRKlW8kvMRLJkScUocMiLiEcDcUJK3fgdTP7-Ox2iqCC_zbHCNIg6NEM9eMwlZEQVZn9Pi_RofFL4Pd6u3O1zftXTXfdL1tU1KCK2HkRshH6e6-04YnND6JRnvMHCNjR1tq8CzuhEeF5E8aXTxaPdvDJyozYPyCvHd2aEXa4sp9v1DZtYNAsNFm0101jsH-AD7_NkrSQ6fe48jpNVp8We1p0DUuqwfCsVyEWh0Q== | https://vertexaisearch.cloud.google.com/grounding-api-redirect/AUZIYQFocbGfv1UezfFyPIGhNP99sXde37ARWpQks2lOZLpf1smUMDNMs8u7zBx9O_CgWVG-m12g51V6ikawKRS6AJAOmLaNUSRC-H8JrMQc49gEA8UIap8Gkv0S641bdHuzHrg62rdRILxyavIVo0Mg4Zm-banWEWM1GW6JnBo62ny66pCVLGNgoYp9gPztrF7n3X9X4aF0R1IFR6FAHvfoB8__kWLO | https://www.sec.gov/Archives/edgar/data/1178670/000119312514008836/d659666dex991.htm | https://www.biospace.com/alnylam-pharmaceuticals-announces-closing-of-previously-announced-acquisition-of-merck-and-co-inc-s-sirna-therapeutics-inc-subsidiary,"Official sources indicate that Merck owned Sirna Therapeutics as a subsidiary and sold that subsidiary to Alnylam in March 2014. Merck stated in January 2014 that it planned to divest Sirna Therapeutics to Alnylam, and Merck later disclosed in its SEC filing that it sold its Sirna Therapeutics subsidiary to Alnylam for cash and Alnylam stock."
Alnylam Pharmaceuticals Inc,"Alnylam U.S., Inc.",Subsidiary,1.0,1.0,3,3,accepted_by_consensus,False,https://www.sec.gov/Archives/edgar/data/1178670/000119312525061427/d899808dars.pdf | https://investors.alnylam.com/sites/default/files/pdfs/alnylam-2025-annual-report.pdf | https://www.sec.gov/Archives/edgar/data/1178670/000156459017001649/alny-10k_20161231.htm | https://www.sec.gov/Archives/edgar/data/1178670/000095013506007385/b63139ape424b5.htm | https://www.sec.gov/Archives/edgar/data/1178670/000119312515050223/d835246d10k.htm | https://www.sec.gov/Archives/edgar/data/1178670/000119312512053552/d273526d10k.htm | https://www.sec.gov/Archives/edgar/data/1178670/000095013506000280/b58707b5e424b5.htm | https://www.sec.gov/Archives/edgar/data/1178670/000095013505001747/b53309ape10vk.htm | https://www.sec.gov/Archives/edgar/data/1178670/000119312513065475/d440212d10k.htm | https://www.sec.gov/Archives/edgar/data/1178670/000095013508001658/b68134ape10vk.htm | https://www.sec.gov/Archives/edgar/data/1178670/000119312524083479/d787426dars.pdf | https://www.sec.gov/Archives/edgar/data/1178670/000095013506001651/b58496ape10vk.htm | https://www.sec.gov/Archives/edgar/data/1178670/000095012311015737/b83541e10vk.htm | https://www.sec.gov/Archives/edgar/data/1178670/000119312516462538/d19384d10k.htm | https://www.sec.gov/Archives/edgar/data/1178670/000095013504001018/b49404apsv1.htm | https://investors.alnylam.com/sites/default/files/pdfs/alnylam-2022-form-10k-and-annual-report.pdf | https://www.sec.gov/files/18-02227-e.pdf | https://www.sec.gov/Archives/edgar/data/1274494/000119312522034175/alny2021q4exhibit211.htm | https://www.alnylam.com/sites/default/files/2024-02/2023-alnylam-10k.pdf | https://vertexaisearch.cloud.google.com/grounding-api-redirect/AUZIYQHqOjwCg9dokahMiY7tzM8xvBmN6_k4-IM2KDRiq5jmB_lu-txIZvWkECNgXMpNJSirBAkEzhvFoeqDhfdKQ-zVbrVFlIl3NeX5_B9oTpxhTR1d76ci4EZUEplszJkKBG7ymCYgCKTc5UofYWn-DKdS_9ljC-IQNMk60zFt0SQ-wVHQZx-nI_eJn20eidbTvrorcQcmLwNSyfKQ | https://fintel.io/doc/sec-alnylam-pharmaceuticals-inc-1178670-ex211-2022-february-10-19033-2648 | https://investors.alnylam.com/sites/default/files/pdfs/2023-alnylam-10k.pdf,"Current and historical SEC/annual report disclosures state that Alnylam U.S., Inc. is one of Alnylam Pharmaceuticals, Inc.'s wholly owned subsidiaries."
Alnylam Pharmaceuticals Inc,Alnylam Securities Corporation,Subsidiary,1.0,1.0,3,3,accepted_by_consensus,False,https://alnylampharmaceuticalsinc.gcs-web.com/static-files/66c22862-4f85-45e3-84d9-4c58d38057af | https://media.corporate-ir.net/media_files/nsd/alny/B68134-8_Alnylam.pdf | https://www.sec.gov/Archives/edgar/data/1178670/000095013507001526/b63620ape10vk.htm | https://www.sec.gov/Archives/edgar/data/1178670/000156459018002152/alny-ex211_51.htm | https://www.vaneck.com/us/en/investments/biotech-etf-bbh/ | https://www.sec.gov/Archives/edgar/data/1178670/000119312515050223/d835246d10k.htm | https://www.sec.gov/Archives/edgar/data/1178670/000119312514060913/d653396d10k.htm | https://www.sec.gov/Archives/edgar/data/1178670/000095013508005476/b71141ape10vq.htm | https://www.sec.gov/Archives/edgar/data/1178670/000095012309057719/b77436e10vq.htm | https://www.sec.gov/Archives/edgar/data/1178670/000095013507003049/b65117ape10vq.htm | https://www.streetinsider.com/SEC%2BFilings/Form%2B%2B10-K%2B%2B%2B%2B%2B%2B%2BAGIOS%2BPHARMACEUTICALS%2C%2B%2B%2B%2BFor%3A%2BDec%2B31/25988844.html | https://www.mass.gov/files/documents/2016/08/re/2006-corp-book.pdf | https://fintel.io/doc/sec-alnylam-pharmaceuticals-inc-ex211-2021-february-11-18669-906 | https://annualreport.stocklight.com/nasdaq/alny/14630577.pdf | https://www.sec.gov/Archives/edgar/data/1178670/000095013508003576/b69693ape10vq.htm | https://www.mass.gov/files/documents/2016/08/qd/2008-corp-book.pdf | https://fintel.io/doc/sec-alnylam-pharmaceuticals-inc-1178670-ex211-2022-february-10-19033-2648 | https://www.sec.gov/Archives/edgar/data/1228679/000122867922000011/alny2021q4exhibit211.htm | https://investors.alnylam.com/static-files/87827863-798c-4972-9654-796985998782 | https://vertexaisearch.cloud.google.com/grounding-api-redirect/AUZIYQEk5uhrnMTR9frrksogUJmPn-T1lEvq_oDDhEGaz-JtxvZYoYaHrJPTr6Oq7IiRhUmvcdSkX0HeMesmVDGuaNXCWKV2yy98jom7eGGIRC67NdN1z9l7QAqfsOG007mC-9GUtkM1p8Ny-kFSwfZmWRjNfV64ytZkoVILWkFilnIEMzybE7p-xts7rRA5PXuRkXecBheNLebxwNY= | https://vertexaisearch.cloud.google.com/grounding-api-redirect/AUZIYQHi1atVdShvxhmb1IJmnrAMktQGf8bYPGs1f1Ti1KxGBpVZ5Pr0SMjoEZ3Nk5UnVWKayKJEaoyZJwqeCUHuoBlrGMzAVOTWMqaqqNUhOk3hyvXlvKqCXCR689_E7i2oqeHdKBlthqHmCfHY7ajwXC5iEayxsj2huB_I9e-6pUrrY9bFwr5bgQhvN2ZqlZghwKJDkoipqQ== | https://vertexaisearch.cloud.google.com/grounding-api-redirect/AUZIYQFU9oUIVwIXaLfVO1ABruwBoOPNoFYjRq_Cz6fyvbGGL9XY67YOoF7I7C00SkYe2wMRfJVDF30_LulZhe2-5PlezWTWxQbiIodBTksJkoXN-8VbuJl3kG2A_hlEG0rXLN-tWqNlxylw5fgr2NU5Ry5rDKIgEKShAXSOAiuJvk6eUx5UZVofpblduJbrv4WjdjiH9rjOTQr5Eyo= | https://vertexaisearch.cloud.google.com/grounding-api-redirect/AUZIYQHqKo4KpLs0SSATc3viYhClmElYsKVZsbJLtcFd8_F_Q3P9MugyUESCZ_M32gvXH8JZ3yqyT3VoFhqdHTgDhxXdg4FnnKtWSnSiUc5xpoqCJMJmeAGSFfiCw6GkD5AjB5v7OsR5JfcT7wu2F8SXoCaXxAkpO3Exy9rWY42YZOz95bgpnpaPRNjfMi0WXPvDzCxdLrCz_-9ikjE= | https://vertexaisearch.cloud.google.com/grounding-api-redirect/AUZIYQEPgGv0kGJmVrW2L5XUVmbdvLYLr7FaIIo4HBT6JHpUAwB_oY-Cqc3aCkUHfMNoMwtZLErYHsJSD1IZwgYkpXIPMH4WnNcK3YtirJGCRf-GRyRSJRmytBBXd3AdexaHXHQQgm2qUwujWTkeyFgi7AA-rc-p1cqQv4xUnAtwBsR8edNnQCAuT4XF006gtCwYzQc-BrsTE-NMR5o= | https://vertexaisearch.cloud.google.com/grounding-api-redirect/AUZIYQGpg6BZ783-lrEFOyiP1iwJQhteJeGR8K4Wlpm0BMIq-b6CVWfTiFkt5Y_b438PVRjd-OXwHSamZEMp7Udkd-zQV_UXjlEI5pMoi_Km6TWXhp9LGc-S-AHsxAohcHZB27UVcLL8ZYElRzePyMGq0cQn7lBAoOXkdU0cBKSe5L7sQmM= | https://www.sec.gov/Archives/edgar/data/1178670/000156459019003022/alny-ex211_545.htm | https://www.sec.gov/Archives/edgar/data/1178670/000117867025000026/alny2024q4exhibit211.htm,"Current and historical SEC/IR materials for Alnylam state that Alnylam Securities Corporation is a wholly owned subsidiary of Alnylam Pharmaceuticals, Inc. Recent annual report materials list it among the registrant's subsidiaries, and older 10-K filings explicitly describe it as one of Alnylam Pharmaceuticals, Inc.'s wholly owned subsidiaries."
Alnylam Pharmaceuticals Inc,Alnylam Austria GmbH,Subsidiary,1.0,1.0,3,3,accepted_by_consensus,False,https://www.alnylam.com/alnylam-austria | https://alnylampharmaceuticalsinc.gcs-web.com/static-files/66c22862-4f85-45e3-84d9-4c58d38057af | https://alnylampolicies.com/contact | https://investors.alnylam.com/faq | https://en.wikipedia.org/wiki/Alnylam_Pharmaceuticals | https://www.alnylam.com/about-alnylam | https://www.alnylam.com/index.php/contact-us | https://alnylampolicies.com/it-ch/node/7 | https://www.prnewswire.com/news-releases/alnylam-pharmaceuticals-receives-a-prestigious-tell-award-for-business-investment-in-switzerland-302358886.html | https://www.linkedin.com/company/alnylam-pharmaceuticals | https://alnylampolicies.com/ | https://de.wikipedia.org/wiki/Alnylam_Pharmaceuticals | https://alnylampharmaceuticalsinc.gcs-web.com/news-releases/news-release-details/alnylam-pharmaceuticals-reports-fourth-quarter-and-full-year-12 | https://www.biospace.com/press-releases/alnylam-pharmaceuticals-reports-fourth-quarter-and-full-year-2025-financial-results-and-highlights-recent-period-progress | https://www.alnylam.com/index.php | https://investors.alnylam.com/sites/default/files/pdfs/2024-alnylam-annual-report.pdf | https://alnylam.com/sites/default/files/pdfs/alnylam-cr-report-2023.pdf | https://zh.wikipedia.org/wiki/%E8%89%BE%E6%8B%89%E5%80%AB | https://en.wikipedia.org/wiki/Regulus_Therapeutics | https://media.corporate-ir.net/media_files/irol/14/148005/05ar.pdf | https://en.wikipedia.org/wiki/Christoph_Westphal | https://www.otcmarkets.com/filing/conv_pdf?guid=NXt-knj9Q1uKJth&id=18989215 | https://www.sec.gov/Archives/edgar/data/1178670/000119312524083479/d787426dars.pdf | https://en.wikipedia.org/wiki/Actelion | https://www.reddit.com/r/edgar_news/comments/1nxae35 | https://www.reddit.com/r/edgar_news/comments/1nffl1f | https://www.reddit.com/r/edgar_news/comments/1pdirq7/alnylam_pharmaceuticals_inc/ | https://www.reddit.com/r/edgar_news/comments/1ndbog5 | https://www.reddit.com/r/edgar_news/comments/1pjwe7j/alnylam_pharmaceuticals_inc/ | https://www.reddit.com/r/stocknear/comments/1o2ys35 | https://www.reddit.com/r/edgar_news/comments/1rkzwrx/alnylam_pharmaceuticals_inc/ | https://www.reddit.com/r/edgar_news/comments/1lesnpq | https://www.reddit.com/r/stocknear/comments/1nl54h6 | https://www.reddit.com/r/SECFilingsAI/comments/1ojypc8 | https://www.reddit.com/r/SECFilingsAI/comments/1me1kz0 | https://www.reddit.com/r/biotech/comments/1cx5tnz | https://www.sec.gov/Archives/edgar/data/1228679/000122867922000011/alny2021q4exhibit211.htm | https://www.alnylam.com/austria | https://vertexaisearch.cloud.google.com/grounding-api-redirect/AUZIYQFN8zODNfYmI5i3getNAMK2FvZV-RRq5x3VxG86tlTWst6n8yCA2qIA9Xb5ayLJNDYRnSeLnT5GswvJzO_OvqCmtBtSrN6q2vaZ5HHWzJPdNQgfQwPZn0CUwJkpYlz2xA== | https://vertexaisearch.cloud.google.com/grounding-api-redirect/AUZIYQG1Rm8BxQJSH-NmzlYtcOotPlEW6ddj47jucDB0ou8c8sLiG2wXfTIjW9DiVhhtPsHLupto30iKQfDmedvh2rVVd18zatx_B5tFyW3r3k-770xImpX3PHAEbgVxxSQYtRdd1SSA-6r8Hv2IxOB1N6G5YwZMgoxaHvI9X5gNpLlpkq9vjOGIzIv8qb-xhpskYgQHfH98dHgjYh0= | https://vertexaisearch.cloud.google.com/grounding-api-redirect/AUZIYQFeZJY9vBlE0qMQ-GYJzhDT4xJ_b2yzBljXGnbiKXi7KCgYElCJH65dVzWnLQlKnpTLBNXmieLj3uaSgWu9PMoXfz16I66Vj14VvzPjWUq6vOMxhE47ma37rGU7IEFUbSHv | https://www.sec.gov/Archives/edgar/data/1178670/000117867025000026/alny2024q4exhibit211.htm | https://www.sec.gov/Archives/edgar/data/1178670/000156459019003022/alny-ex211_545.htm,"Official Alnylam Austria country page identifies the entity as 'Alnylam Austria GmbH' under Alnylam’s corporate website, and Alnylam Pharmaceuticals, Inc.'s annual report/Exhibit 21 lists 'Alnylam Austria GmbH' as a 100%-owned subsidiary of the registrant."
Alnylam Pharmaceuticals Inc,Alnylam Belgium BVBA,Subsidiary,1.0,1.0,3,3,accepted_by_consensus,False,https://www.sec.gov/Archives/edgar/data/1178670/000156459019003022/alny-ex211_545.htm | https://www.alnylam.com/alnylam-belgium-french | https://alnylampolicies.com/contact | https://en.wikipedia.org/wiki/Alnylam_Pharmaceuticals | https://www.alnylam.com/alnylam-luxembourg-german | https://www.linkedin.com/company/alnylam-pharmaceuticals | https://lei.bloomberg.com/leis/view/529900S3ZI14OWRJII50 | https://alnylampharmaceuticalsinc.gcs-web.com/news-releases/news-release-details/alnylam-invest-250-million-add-enzymatic-ligation-platform-us | https://alnylampharmaceuticalsinc.gcs-web.com/static-files/66c22862-4f85-45e3-84d9-4c58d38057af | https://www.alnylam.com/about-alnylam | https://www.verif.com/en/company/Alnylam-Belgium-68d9c5f81299230338408251/ | https://de.wikipedia.org/wiki/Alnylam_Pharmaceuticals | https://chemdmart.com/company-profile/alnylam-pharmaceuticals-inc | https://alnylampolicies.com/ | https://www.alnylam.ca/ | https://find-and-update.company-information.service.gov.uk/company/08871372/persons-with-significant-control | https://alnylam.com/sites/default/files/pdfs/alnylam-cr-report-2023.pdf | https://www.sec.gov/Archives/edgar/data/1178670/000119312525061427/d899808dars.pdf | https://zh.wikipedia.org/wiki/%E8%89%BE%E6%8B%89%E5%80%AB | https://www.afmps.be/sites/default/files/content/icf_201928.pdf | https://www.sec.gov/Archives/edgar/data/1178670/000119312524083479/d787426dars.pdf | https://media.corporate-ir.net/media_files/irol/14/148005/05ar.pdf | https://www.reddit.com/r/edgar_news/comments/1nffl1f | https://www.reddit.com/r/edgar_news/comments/1ndbog5 | https://www.reddit.com/r/edgar_news/comments/1nxae35 | https://www.reddit.com/r/biotech/comments/1cx5tnz | https://www.reddit.com/r/edgar_news/comments/1pdirq7/alnylam_pharmaceuticals_inc/ | https://www.reddit.com/r/edgar_news/comments/1pjwe7j/alnylam_pharmaceuticals_inc/ | https://www.reddit.com/r/SECFilingsAI/comments/1ojypc8 | https://www.reddit.com/r/edgar_news/comments/1rkzwrx/alnylam_pharmaceuticals_inc/ | https://www.reddit.com/r/SECFilingsAI/comments/1me1kz0 | https://www.reddit.com/r/SECWatch/comments/1r2tip7/alnylam_alny_achieves_profitability_with_81_yoy/ | https://www.reddit.com/r/edgar_news/comments/1oxsmh5 | https://www.reddit.com/r/edgar_news/comments/1mruv5t | https://www.sec.gov/Archives/edgar/data/1178670/000117867022000014/alny2021q4exhibit211.htm | https://www.sec.gov/Archives/edgar/data/1178670/000117867020000011/alny-ex211_545.htm | https://www.companyweb.be/en/0704781412/alnylam-belgium | https://www.sec.gov/Archives/edgar/data/1178670/000117867025000026/alny2024q4exhibit211.htm,"Alnylam Pharmaceuticals, Inc. lists Alnylam Belgium BVBA as a 100%-owned subsidiary in its SEC Exhibit 21.1 (Subsidiaries of the Registrant). Alnylam’s official Belgium web pages also show Alnylam Belgium as part of the Alnylam corporate structure, though the local legal form now appears as SRL rather than BVBA."
Alnylam Pharmaceuticals Inc,Alnylam Brasil Farmaceutica Ltda,Subsidiary,1.0,1.0,3,3,accepted_by_consensus,False,https://alnylampharmaceuticalsinc.gcs-web.com/static-files/66c22862-4f85-45e3-84d9-4c58d38057af | https://alnylampolicies.com/pt-br/privacy | https://www.gov.br/saude/pt-br/acesso-a-informacao/licitacoes-e-contratos/inexigibilidade-de-licitacao/2025/inexigibilidade-de-licitacao-570-2025-processo-no-25000-029402-2025-83/termo-de-referencia | https://en.wikipedia.org/wiki/Alnylam_Pharmaceuticals | https://www.alnylam.com.br/fale-conosco | https://www.alnylam.com/about-alnylam | https://chemdmart.com/company-profile/alnylam-pharmaceuticals-inc | https://stockanalysis.com/quote/bvmf/A1LN34/company/ | https://br.investing.com/news/company-news/acoes-da-alnylam-pharmaceuticals-atingem-maxima-historica-de-us-48450-93CH-1709336 | https://br.investing.com/equities/alnylam-pharmaceuticals-drc-company-profile | https://declarasus.saude.mg.gov.br/industrias-detalhes/206/1 | https://www.cnbc.com/quotes/A1LN3%27-BR | https://www.alnylam.ca/ | https://investors.alnylam.com/sites/default/files/pdfs/2024-alnylam-annual-report.pdf | https://www.econodata.com.br/consulta-empresa/32494299000174-ALNYLAM-BRASIL-FARMACEUTICA-LTDA | https://www.alnylam.com/index.php | https://en.wikipedia.org/wiki/Regulus_Therapeutics | https://de.wikipedia.org/wiki/Alnylam_Pharmaceuticals | https://alnylam.com/sites/default/files/pdfs/alnylam-cr-report-2023.pdf | https://zh.wikipedia.org/wiki/%E8%89%BE%E6%8B%89%E5%80%AB | https://itapevi.sp.gov.br/wp-content/uploads/2025/06/lista-de-debitos-inscritos-em-divida-ativa-e-em-aberto-25-06-2025-1.pdf | https://fcf.usp.br/arquivos/02032026-124543.pdf | https://en.wikipedia.org/wiki/Arbutus_Biopharma | https://en.wikipedia.org/wiki/Lumasiran | https://www.reddit.com/r/edgar_news/comments/1nffl1f | https://www.reddit.com/r/edgar_news/comments/1ndbog5 | https://www.reddit.com/r/SECFilingsAI/comments/1ojypc8 | https://www.reddit.com/r/edgar_news/comments/1pdirq7/alnylam_pharmaceuticals_inc/ | https://www.reddit.com/r/edgar_news/comments/1nxae35 | https://www.reddit.com/r/edgar_news/comments/1pjwe7j/alnylam_pharmaceuticals_inc/ | https://www.reddit.com/r/SECFilingsAI/comments/1me1kz0 | https://www.reddit.com/r/edgar_news/comments/1rkzwrx/alnylam_pharmaceuticals_inc/ | https://www.reddit.com/r/biotech/comments/1cx5tnz | https://www.sec.gov/Archives/edgar/data/1178670/000117867022000031/alny2021q4exhibit211.htm | https://www.alnylam.com.br/contato | https://fintel.io/doc/sec-alnylam-pharmaceuticals-inc-1178670-ex211-2022-february-10-19033-633 | https://vertexaisearch.cloud.google.com/grounding-api-redirect/AUZIYQEoMFXJ-EpinKaCMvS995unJC4KadDPE5T0AX42O1djFAjHiL0uGnR4ee4AKvcE4LIdPZmgaA167zW4tmkyJb02gztzFu3mTD8yTUaZ2UKCMWBQbGolWBDLGrmAQ8FTD88YAh48YmBMSnjZsnamovFSBE16fanHfxcheHFezHhM3_Gt2Hh1nf1MWkmf_107jAZwRAoTrPGnr4zV | https://www.sec.gov/Archives/edgar/data/1178670/000117867025000026/alny2024q4exhibit211.htm | https://www.alnylam.com.br/,"An official Alnylam filing lists 'Alnylam Brasil Farmaceutica Ltda' under 'Subsidiaries of the Registrant' with 99% ownership by Alnylam Pharmaceuticals, Inc. Additional official Alnylam Brazil pages and a Brazilian government procurement document reference Alnylam Brasil as part of the Alnylam group/entity structure."
Alnylam Pharmaceuticals Inc,Alnylam (Bermuda) Ltd.,Subsidiary,1.0,1.0,3,3,accepted_by_consensus,False,https://www.sec.gov/Archives/edgar/data/1178670/000119312514060913/d653396d10k.htm | https://www.sec.gov/Archives/edgar/data/1178670/000119312524083479/d787426dars.pdf | https://www.sec.gov/Archives/edgar/data/1178670/000119312525061427/d899808dars.pdf | https://www.sec.gov/Archives/edgar/data/1178670/000117867025000050/alny-20250501.htm | https://www.sec.gov/Archives/edgar/data/1178670/000117867025000038/pressreleaseforcmapproval.htm | https://www.sec.gov/Archives/edgar/data/0001178670/000119312522005024/d36987dex991.htm | https://www.sec.gov/Archives/edgar/data/1178670/000115752318000252/a51755200ex99_1.htm | https://www.sec.gov/Archives/edgar/data/0001178670/000162828026007491/alny2025q4earningsrelease.htm | https://www.sec.gov/Archives/edgar/data/1178670/000119312521310422/d240930dex991.htm | https://www.sec.gov/Archives/edgar/data/1178670/000117867025000008/alny2025q1exhibit991.htm | https://www.sec.gov/Archives/edgar/data/1178670/000119312512062480/d301850dex991.htm | https://www.sec.gov/Archives/edgar/data/1178670/000162828026001755/alny2026q1exhibit991.htm | https://www.sec.gov/Archives/edgar/data/1178670/000119312523179631/d442654dex991.htm | https://www.sec.gov/Archives/edgar/data/1178670/000115752324000253/a53896787ex99_1.htm | https://www.sec.gov/Archives/edgar/data/1178670/000119312523089638/d418223dars.pdf | https://www.sec.gov/Archives/edgar/data/1178670/000117867022000008/alny-ex211_545.htm | https://www.sec.gov/Archives/edgar/data/1178670/000119312514011404/d659424dex102.htm | https://fintel.io/doc/sec-alnylam-pharmaceuticals-inc-1178670-ex211-2022-february-10-19033-255 | https://vertexaisearch.cloud.google.com/grounding-api-redirect/AUZIYQFQMo4LZzbPA1OeL9fFD4cR_193nTc3LGcqkXnNQF1xt1KPt2UWxpK9RmAcHQlLavInfDYWM5_54sP4JQJCVprIvlVqTFgIlzZTVNeVE7nBNN61euxxCYhkZLLXTi37dZlv2n4xhU1uXqDaXj3qJceQOmP3wSU9TR0rcC3YqyC910bfle2QpCYuwbbcnfseRbQPqy73SA== | https://vertexaisearch.cloud.google.com/grounding-api-redirect/AUZIYQF4dqT1rUEcDbu4rpZf3SwfFiKKYugR_kXKTKJ7jTC7Q94wVHYffWDIly6Ft6Iezl9-2GUJiEDcUpAWZjfHEJF7ElIWWlVisMd0vrnsWB4t330aUXr9w7E7-rR1TNQBZQq3rWuNhdVa11oziABbK0ggw1KgrJWqp2VyAPVNtJva79yEDySDYKwUiRhZcuCQFODmxKLMKWILfro= | https://vertexaisearch.cloud.google.com/grounding-api-redirect/AUZIYQGnf5fcDShMKDLV675wQNJimc-Gf1QnSdiTUZlBj3g55hF-u5qemHxDdSlR2CVAvi8QIXRjX91dsPUMFoWE8IytBJF0NBhwhaqEUEocsNKj2ItPlaOoOiVPtQamQKyukogVz0NUiicHAUFG3anr0sBKN-SnA9Bc4zzrwWT1F1jZtH_G1_gOK49rP_XVPtWoYPfRlZJ8oWk9LQs= | https://vertexaisearch.cloud.google.com/grounding-api-redirect/AUZIYQHNzduapyHWAJSLMqJwYA2jwUGrDE5BUy9PtLRrv_EGdiq4T9iAmPbZN9NMRXN3u-gbTm2kmZFch7IGIL8xTdxOpIlbPJhesU0KfG9xiPjHXde0U01Gpv6i20Zw67htv_7iJH2l5bIxl0szzUPctMN7MCukD5fCTpQHiVek_y86FURGKwArh2Q-h68ANoHfFU3RRfSygYygapI= | https://vertexaisearch.cloud.google.com/grounding-api-redirect/AUZIYQEeVlf0KiYCJzp6n5zdTS75HwwNmyVzGS-89WkVY8rM2CyD5pHZUUFuRRAH-DHK6z6hJg-yUbOZuOqRnplfzv5cCjxCvNLAvpWZUONXkGZmM6X9yJC_z489NiNFNgyzX6lezvWd67BwpgA8Pr4_gQhjuqh2GbHy9y2V7o2i0R94tblgxH_EscNOBTidAA== | https://vertexaisearch.cloud.google.com/grounding-api-redirect/AUZIYQEha84PNcl0qriqaQyYStqD-AKUj2vvUzTRNnWQ1WtB09wf_gIpwQXDVk8VHQPgNItIq22Sp5KhO64ncAk0ecTzL3tNJCDhvd7TPVR7ArXfiQLmZ_-MnTFgDAweXOpzY9eZ9PEI7RR7WJt6i3KSj9n0IuZmbTIt4d5bdwB824FKZaIT3qOHHXO6swAQJqQL4g== | https://www.sec.gov/Archives/edgar/data/1178670/000117867025000026/alny2024q4exhibit211.htm | https://www.sec.gov/Archives/edgar/data/1178670/000156459019003022/alny-ex211_545.htm,"Alnylam Pharmaceuticals, Inc.'s SEC Form 10-K states that the company comprises Alnylam Pharmaceuticals, Inc. and five wholly owned subsidiaries, explicitly including Alnylam (Bermuda) Ltd. The filing also says Alnylam (Bermuda) Ltd. was formed on August 7, 2013."
Alnylam Pharmaceuticals Inc,Alnylam Canada ULC,Subsidiary,1.0,1.0,3,3,accepted_by_consensus,False,https://www.sec.gov/Archives/edgar/data/1178670/000117867025000026/alny2024q4exhibit211.htm | https://www.alnylam.ca/contact-us | https://investors.alnylam.com/faq | https://www.alnylam.ca/sites/default/files/news-articles/amvuttra-canada-press-release-12-16-2025.pdf | https://www.biotech.ca/news/alnylam-canada-ulc-receives-positive-recommendation-from-canadas-drug-agency-cda-for-the-public-reimbursement-of-amvuttra-vutrisiran-injection-the-first-and-only-rnai-therapeutic-for-th/ | https://www.porphyria.ca/sites/default/files/2024-10/Alnylam_Act_Patient_Brochure_w_PG-AHP.pdf | https://www.canada.ca/content/dam/hc-sc/documents/services/drugs-health-products/drug-products/drug-product-database/label-safety-assessment-update/lab-safety-rep-rap-eval-etiq-05-2023-eng.pdf | https://ayondo.com/en/releases/US02043Q1076/alnylam-pharmaceuticals/oxlumo-lumasiran-injection-now-reimbursed-in-canada-for-the-treatment-of-primary-hyperoxaluria-type-1-ph1-in-pediatric-and-adult-patients-20250702C9531 | https://fr.benzinga.com/news/france/general/alnylam-canada-ulc-remporte-la-recommandation-de-remboursement-de-la-cda-pour-amvuttra-dans-la-cardiomyopathie-attr/ | https://alnylampolicies.com/en-ca/privacy | https://www.sec.gov/Archives/edgar/data/1178670/000119312525061427/d899808dars.pdf | https://alnylampharmaceuticalsinc.gcs-web.com/static-files/66c22862-4f85-45e3-84d9-4c58d38057af | https://www.cda-amc.ca/fr/vutrisiran-0 | https://investors.alnylam.com/node | https://www.sec.gov/Archives/edgar/data/1178670/000117867021000024/alny2021q210-qex103.htm | https://www.sec.gov/Archives/edgar/data/1447028/000119312512479696/d443535dex993.htm | https://alnylampolicies.com/ | https://www.sec.gov/Archives/edgar/data/1172340/000117234022000028/alny2021q4exhibit211.htm | https://www.alnylam.ca/about-alnylam | https://www.biospace.com/article/releases/alnylam-announces-health-canada-approval-of-amvuttra-vutrisiran-the-first-and-only-rnai-therapeutic-for-the-treatment-of-cardiomyopathy-in-adult-patients-with-attr-amyloidosis/ | https://vertexaisearch.cloud.google.com/grounding-api-redirect/AUZIYQGHt4SECNZR2orIOFc1HejKP3zhpNcpVx2P2ZZuveesYC2FKX5YRnkJMFdnLGO_Rj7vcW5OOYJJFHfZEsfRJP24qw7Ov6gBfJ2RXvU4Avgw8O6B28I4cEsv_gN22a06o1qhvCi0KiNVp1m0Gl_YMj3fZRwLm1Lp5906GQk6FnvL7FCPb7R0_vbVgNOslHJ9AfCX_qeb9RqlxYA7Xg3QciVwJCWLDgpg3UeD0fY-TO2BD7s-80LEkymD0zqWbtYwZWdLaHFTXXCJypB2b7iX7id9YVwGfPX3spJqdsI_2xySxWNDvTVTUqOxO_BD-S8cLxdHX8Dks6xgF4jmoekjUqTWbTQuX9KVBLVwKQ8Od3R8bvQ= | https://vertexaisearch.cloud.google.com/grounding-api-redirect/AUZIYQHw0JSO8i1UPErrpZ0H8xc95WlpSJEbivfFOFESH0qD77AtSVZuzoI6CG60g30djspPVSXbWl_zfQaQiWhzAsh07EqV06FttLWD1KGPaEhCvGHSsJnc4O1NmGo6tRGXeEeQARceBSrv4Vt7zWCQd6_TF6H-fuF7ZOT91FT77TKV8uO9l9KYZBLIvE4pn4ltmKysgB8gGC72TiEPyRbKNq9VnjYtpO-44AwOAY7CV7DqsgaTokId8HqiSm-Z-Qu3l0ViCCGcpVlh-Yx6WYqAbUhnIeAEM8EbXYoQTY59y3tQlfSARDbEgc0Bb05YTpPUZgXc66a9WrIWoimPs3R8rYvwj3W1OZ1oObTIIGrqGg331hPU | https://vertexaisearch.cloud.google.com/grounding-api-redirect/AUZIYQFv7H-kdT0uQEGfgH0TGuIup5_ACBGfb0oef6YOEXx3fBtidmDAfMuTDTJ_Rgkh3tF6M3ZBSw0zeMYxyGJC54kLJwekp23PSc3MhkfWIFICpfc= | https://www.alnylam.ca/,"Alnylam Pharmaceuticals, Inc.'s recent SEC Exhibit 21 lists Alnylam Canada ULC as a 100%-owned entity in Canada, which is strong official evidence of a parent-subsidiary relationship. Alnylam's Canada website and investor materials also show Alnylam Canada ULC operating as the company's Canadian office/entity."
Alnylam Pharmaceuticals Inc,Alnylam France SAS,Subsidiary,1.0,1.0,3,3,accepted_by_consensus,False,https://www.alnylam.fr/nous-contacter | https://alnylampolicies.com/fr/legal | https://alnylampolicies.com/contact | https://alnylampharmaceuticalsinc.gcs-web.com/static-files/66c22862-4f85-45e3-84d9-4c58d38057af | https://investors.alnylam.com/faq | https://en.wikipedia.org/wiki/Alnylam_Pharmaceuticals | https://www.verif.com/societe/ALNYLAM-FRANCE-SAS-818575730/ | https://www.linkedin.com/company/alnylam-pharmaceuticals | https://www.alnylam.fr/ | https://www.alnylam.fr/notre-engagement | https://www.globaldata.com/company-profile/alnylam-pharmaceuticals-inc/ | https://www.sec.gov/Archives/edgar/data/1178670/000119312525061427/d899808dars.pdf | https://alnylampolicies.com/fr/node/7 | https://www.alnylam.fr/a-propos-alnylam | https://www.alnylam.com/about-alnylam/transparency-french-france | https://de.wikipedia.org/wiki/Alnylam_Pharmaceuticals | https://www.alnylam.com/sites/default/files/pdfs/2022%20Alnylam%20Corporate%20Responsibility%20Report.pdf | https://en.wikipedia.org/wiki/Regulus_Therapeutics | https://www.alnylam.com/sites/default/files/pdfs/ALNY-Corp-Fact-Sheet.pdf | https://en.wikipedia.org/wiki/Avadel_Pharmaceuticals | https://en.wikipedia.org/wiki/Sanofi | https://zh.wikipedia.org/wiki/%E8%89%BE%E6%8B%89%E5%80%AB | https://media.corporate-ir.net/media_files/irol/14/148005/05ar.pdf | https://www.reddit.com/r/edgar_news/comments/1nffl1f | https://www.reddit.com/r/edgar_news/comments/1ndbog5 | https://www.reddit.com/r/edgar_news/comments/1nxae35 | https://www.reddit.com/r/edgar_news/comments/1pdirq7/alnylam_pharmaceuticals_inc/ | https://www.reddit.com/r/SECFilingsAI/comments/1ojypc8 | https://www.reddit.com/r/edgar_news/comments/1pjwe7j/alnylam_pharmaceuticals_inc/ | https://www.reddit.com/r/SECFilingsAI/comments/1me1kz0 | https://www.reddit.com/r/edgar_news/comments/1rkzwrx/alnylam_pharmaceuticals_inc/ | https://www.reddit.com/r/biotech/comments/1cx5tnz | https://www.reddit.com/r/SECWatch/comments/1r2tip7/alnylam_alny_achieves_profitability_with_81_yoy/ | https://www.reddit.com/r/SECWatch/comments/1ojyg2r | https://www.reddit.com/r/edgar_news/comments/1oxsmh5 | https://www.sec.gov/Archives/edgar/data/1178670/000117867022000008/alny2021q4exhibit211.htm | https://annuaire-entreprises.data.gouv.fr/entreprise/alnylam-france-sas-818575730 | https://investors.alnylam.com/static-files/8066572e-0771-477d-895c-74676629994c | https://vertexaisearch.cloud.google.com/grounding-api-redirect/AUZIYQFFrVkICFi5ANnWpxY-3yQeChicXHyg3q0oSC2cypcPttnoapoygOU5i35DAhnFhvDx70krPvCcANWLvfh3L32K1a5gvDkmYzilVB4kW8cKJChU28hZlWuMxlFDo7CoI7AusdxiNFyL0A0GHwrd1HaYj5Yr3dLZGnDJ3oS3XOOvEMJ_HAskSe6KQcwsdB9sywJk0LJTTXQ= | https://vertexaisearch.cloud.google.com/grounding-api-redirect/AUZIYQEryYNSDHMfRyl_ykLsBTqeJPNomGMmzqbAVAaXq5vGwjbK1ACPaOUybsg2Bh-uigNvquARyn2ZwviGiVfE-JqIA5q_zb5d8Dc2dV5MUxKVWf46BRa4z_Pky7_4NHBLZTdM4Cxt6n4dhjpfU983-W8OWsuCkjzD9jLRlhFW_oIN3aM2rcjZpq81l8hR_wxUF1sV7nKIv_ISFSC- | https://vertexaisearch.cloud.google.com/grounding-api-redirect/AUZIYQFMGwOK0BRS46iM2aiNbTl0gg-5VYWaHJh0x4RBM1ZzHtGZBMfULo0knTfKPvSh3SB1dWMm8ZEW9jNA19IbvvBYhMPF-bQE9PKYzF8oJEHCpQt8U5nEQ0rhxaNttIIlFOPzwKbzY3LXM2-C5P_I0W9kNdWGHEoFGLGa9t4A0xMIGCtkeopuSSx1b7s42tA= | https://vertexaisearch.cloud.google.com/grounding-api-redirect/AUZIYQHZ9eyEPJhSgQzXXryzBSVO4LKRDuWXJ0r0z3UHYjpOU6tl829qMX40CjKV_YwRvoriS6c4WV7steviAl6UGeSWsrjKqtXSYZyd55dSXhySiRg5aEQjg1PTMbEni-_ufC145zR385J8dLmeSa4AZpAPzZ43v0Vub5uE7yZmZ_yxpmj06JDZtyXsy-k8YEkyc0ZMlAkXj5kaxnaA | https://vertexaisearch.cloud.google.com/grounding-api-redirect/AUZIYQGUtmkIOAVmkk9ThAPFZ1ignfTjI9TDQItmz8lJNvkUTij47aJtggsLYBL5i3agLF4XTIZU-z2pi1ohtkRKe2w7sVPHaenVIf9qPF8CKIdm1y2MnFqYsG9Ab7tZJNJjS8XNRF6YOjqe1O_vLa1-kIsb | https://www.sec.gov/Archives/edgar/data/1178670/000117867025000026/alny2024q4exhibit211.htm,"Official Alnylam France pages identify Alnylam France SAS as the French operating entity while stating the site content is owned by Alnylam Pharmaceuticals, Inc.; Alnylam’s global contact/policies pages list both entities together, and a corporate entity list includes Alnylam France SAS under Alnylam Pharmaceuticals, Inc., supporting a parent-subsidiary relationship."
Alnylam Pharmaceuticals Inc,Alnylam Europe AG,Subsidiary,1.0,1.0,3,3,accepted_by_consensus,False,https://www.sec.gov/Archives/edgar/data/1178670/000095013506007385/b63139ape424b5.htm | https://media.corporate-ir.net/media_files/nsd/alny/B68134-8_Alnylam.pdf | https://investors.alnylam.com/faq | https://www.alnylam.com/about-alnylam | https://www.alnylam.com/alnylam-luxembourg-german | https://www.alnylam.com/sites/default/files/pdfs/ALNY-Corp-Fact-Sheet.pdf | https://www.computer-automation.de/firma/alnylam-europe-ag.htm | https://www.additive-manufacturing-industry.de/company/alnylam-europe-ag.htm | https://www.alnylam.com/about-alnylam/alnylam-leadership | https://www.alnylam.com/alnylam-luxembourg-french | https://downloads.regulations.gov/FDA-2022-E-3108-0002/attachment_1.pdf | https://www.bionity.com/en/companies/1038689/alnylam-europe-ag.html | https://investors.alnylam.com/node | https://investors.alnylam.com/press-release?id=29101 | https://www.alnylam.com/about-alnylam/transparency | https://alnylampharmaceuticalsinc.gcs-web.com/static-files/66c22862-4f85-45e3-84d9-4c58d38057af | https://www.sec.gov/Archives/edgar/data/1178670/000119312525061427/d899808dars.pdf | https://www.sec.gov/Archives/edgar/data/1228679/000122867922000011/alny2021q4exhibit211.htm | https://www.alnylam.com/investors/frequently-asked-questions | https://www.greaterzuricharea.com/en/alnylam | https://vertexaisearch.cloud.google.com/grounding-api-redirect/AUZIYQEeYzOqpg75tzM-lrFrmSvwhybWuJVDC99siB_8LJEbz5WAYVTHY_gYXT-9nKGPKXdfSatcU5pc4iwSzw-qFHoC9W-bw0I6Sj6-m7Vqcz93efmz6b1htswOJKMX2bMEibMz7SxLSwDiUMf_Ob1PkB1Q60CTgmzQ5ba4pjRdoLns3qWFakPn_TtUtFnwMhGM_voICU5ku_c1-Kc8 | https://vertexaisearch.cloud.google.com/grounding-api-redirect/AUZIYQEFTZ1nJjfG8FTnpVvPG04Da-bp-srFtJ6yGP3ZXmFKyTnDGb8-35iWw8vmNt-WgiYuRuv6YnI3I_dKesxtpeHV6oOvbjMk2IcEYLG0-Suu229Q83DlDKrkM-OknxZZkuJU0oAXpOK_BhtxUvJxqe3ZqWinqV8SCUeHbuJ9M_c0DhPTOA6tA82dtj5-ZmaHwA== | https://vertexaisearch.cloud.google.com/grounding-api-redirect/AUZIYQG0UvuuTDh0AschXXmb2zEHBJAyIZF-f3ZXvKv1P36tqZKCrgLnX6HCQu7n0PXRcS9XVtM6cfqhN7BheAN8dKLcVwrRi4W3gFjdmKGGE7-GMNK0xKvshLT0gkISdg32fjOiGBAozoxu1Ct5xSMz69Knr5SKGdb2MNtPITLrAFz2QzrzOBixIH6SFxarFEPZlXCl2thAoKo= | https://www.sec.gov/Archives/edgar/data/1178670/000117867025000026/alny2024q4exhibit211.htm | https://www.sec.gov/Archives/edgar/data/1178670/000095013504002514/b49404a3sv1za.htm,"SEC filing language states that Alnylam Europe AG is a wholly-owned subsidiary of Alnylam Pharmaceuticals, Inc., and also notes that Alnylam Pharmaceuticals acquired Alnylam Europe AG in July 2003. This is strong direct evidence of a parent-subsidiary relationship."
Alnylam Pharmaceuticals Inc,Alnylam Germany GmbH,Subsidiary,1.0,1.0,3,3,accepted_by_consensus,False,https://www.sec.gov/Archives/edgar/data/1178670/000117867025000026/alny2024q4exhibit211.htm | https://investors.alnylam.com/sites/default/files/pdfs/2023-alnylam-annual-report.pdf | https://www.sec.gov/Archives/edgar/data/1178670/000095013506007385/b63139ape424b5.htm | https://www.sec.gov/Archives/edgar/data/1178670/000095013506000280/b58707b5e424b5.htm | https://www.sec.gov/Archives/edgar/data/1178670/000162828025047345/alny2025q310-qex102.htm | https://www.sec.gov/Archives/edgar/data/1178670/000095013509001458/b73445ape10vk.htm | https://www.sec.gov/Archives/edgar/data/1178670/000117867025000008/alny2025q1exhibit991.htm | https://www.sec.gov/Archives/edgar/data/1178670/000117867025000038/pressreleaseforcmapproval.htm | https://www.sec.gov/Archives/edgar/data/1178670/000119312517342673/d495806dex991.htm | https://www.sec.gov/Archives/edgar/data/1178670/000095013505004675/b55527ape10vq.htm | https://www.sec.gov/Archives/edgar/data/1178670/000095013505006490/b57597ape10vq.htm | https://www.sec.gov/Archives/edgar/data/1178670/000119312523089638/d418223dars.pdf | https://www.sec.gov/Archives/edgar/data/1178670/000119312524083479/d787426dars.pdf | https://www.sec.gov/Archives/edgar/data/1178670/000095013505003341/b55263ape8vk.htm | https://www.sec.gov/Archives/edgar/data/1447028/000119312512479696/d443535dex993.htm | https://www.sec.gov/files/18-04959-e.pdf | https://www.sec.gov/Archives/edgar/data/872589/000110465924051965/tm2412500d1_ars.pdf | https://www.sec.gov/Archives/edgar/data/1178670/000117867022000031/alny2021q4exhibit211.htm | https://www.alnylam.com/contact-us | https://vertexaisearch.cloud.google.com/grounding-api-redirect/AUZIYQHQiSPnQrxVqL6KK--OEVCM4MajlYEPXOtpMFsuRO0DF06T0b2jhYX7w6DZpO1SUnRmgvRw6-NB4lC1zvzK5OxduAZop5m94P2ZeMXsJRM0IVHvmgEzYXfpZ7VnucG7WgFfzCvj_6eavpUCjYtPAt8N0M8qwXQx21aktY6JDybM2XJIlTuR_HvMsnnoQjuyhh9MpczKRf4= | https://vertexaisearch.cloud.google.com/grounding-api-redirect/AUZIYQF8bnBk8uWfv3OLdSvWFdf3nmPKeC-XsudjPqLg2AMgFmhs7ILcpZTiY95my3LyCBP83-qGOkC5_N_uIwKrqxDy1T4Py4VPZuBGxkcWMGoGvu0EOkNmSImFfSHcLzhG25NMJVrm-ja7XhjUTSVjquj8WyllvU9BoX1qTOslN9r3lRD4G6IrGznLMNajlXiRlXI= | https://www.sec.gov/Archives/edgar/data/1178670/000156459019003022/alny-ex211_545.htm,"Recent SEC Exhibit 21 lists Alnylam Germany GmbH as a 100%-owned entity in Germany under Alnylam Pharmaceuticals, Inc., indicating a parent-subsidiary relationship."
Alnylam Pharmaceuticals Inc,Alnylam Italy Srl,Subsidiary,1.0,1.0,3,3,accepted_by_consensus,False,https://www.sec.gov/Archives/edgar/data/1178670/000117867025000026/alny2024q4exhibit211.htm | https://www.alnylam.it/contattaci | https://www.alnylam.com/contact-us | https://en.wikipedia.org/wiki/Alnylam_Pharmaceuticals | https://www.assolombarda.it/cerca-imprese-prodotti/alnylam-italy-srl | https://www.alnylam.com/alnylam-switzerland-italian | https://www.alnylam.com/about-alnylam | https://www.suar.regione.liguria.it/suar-cpm/covenant/3416%3Aalnylam-italy-srl-farmaci-vari-lotti-n-88-id-consip-5349291.html | https://www.informazione-aziende.it/Azienda_ALNYLAM-ITALY-SRL | https://www.aopd.veneto.it/art%2C843 | https://de.wikipedia.org/wiki/Alnylam_Pharmaceuticals | https://alnylampharmaceuticalsinc.gcs-web.com/static-files/66c22862-4f85-45e3-84d9-4c58d38057af | https://www.linkedin.com/company/alnylam-pharmaceuticals | https://registroaziende.it/azienda/alnylam-italy-srl-milano | https://www.cnbc.com/quotes/1ALNY-IT | https://www.prnewswire.com/news-releases/shareholder-alert-pomerantz-law-firm-investigates-claims-on-behalf-of-investors-of-alnylam-pharmaceuticals-inc---alny-302085915.html | https://alnylam.com/sites/default/files/pdfs/alnylam-cr-report-2023.pdf | https://cartapariopportunita.it/wp-content/uploads/2025/08/Le-imprese-aderenti-alla-Carta-per-le-pari-opportunita-e-luguaglianza-sul-lavoro_-1.pdf | https://zh.wikipedia.org/wiki/%E8%89%BE%E6%8B%89%E5%80%AB | https://www.regione.sicilia.it/sites/default/files/2025-07/Registro%20portatori%20di%20interesse%20aggiornato%20al%2022%20luglio%202025.pdf | https://en.wikipedia.org/wiki/Regulus_Therapeutics | https://www.soresa.it/societatrasparente/Bandi%20di%20gara%20e%20contratti/Contratti/Farmaci%20ed%20Emoderivati/FARMACI/2022/V%20APPALTO%20SPECIFICO/Rep_276_22-Alnylam%20Italy%20srl.pdf | https://www.alnylam.it/sites/default/files/news-articles/Alnylam%20annuncia%20l%E2%80%99approvazione%20di%20GIVLAARI%C2%AE%20%28givosiran%29%20nell%E2%80%99Unione%20europea%20per%20il%20trattamento%20della%20porfiria%20epatica%20acuta%20%28AHP%29%20negli%20adulti%20e%20negli%20adolescenti%5B1%5D_0.pdf | https://en.wikipedia.org/wiki/John_Maraganore | https://en.wikipedia.org/wiki/Zilebesiran | https://www.reddit.com/r/edgar_news/comments/1nffl1f | https://www.reddit.com/r/edgar_news/comments/1ndbog5 | https://www.reddit.com/r/edgar_news/comments/1nxae35 | https://www.reddit.com/r/edgar_news/comments/1pdirq7/alnylam_pharmaceuticals_inc/ | https://www.reddit.com/r/edgar_news/comments/1pjwe7j/alnylam_pharmaceuticals_inc/ | https://www.reddit.com/r/SECFilingsAI/comments/1ojypc8 | https://www.reddit.com/r/SECFilingsAI/comments/1me1kz0 | https://www.reddit.com/r/biotech/comments/1cx5tnz | https://www.reddit.com/r/SECWatch/comments/1r2tip7/alnylam_alny_achieves_profitability_with_81_yoy/ | https://www.reddit.com/r/SECWatch/comments/1ojyg2r | https://www.reddit.com/r/edgar_news/comments/1mruv5t | https://www.sec.gov/Archives/edgar/data/1178670/000156459019003022/alny-ex211_545.htm | https://www.sec.gov/files/investment/13flist2024q4.pdf | https://www.sec.gov/Archives/edgar/data/1178670/000119312525315047/d201569d8k.htm | https://www.sec.gov/Archives/edgar/data/1178670/000119312525230201/d19737d8k.htm | https://www.sec.gov/Archives/edgar/data/0001858848/000119312526102252/tnya-20251231.htm | https://investors.alnylam.com/financial-information | https://www.sec.gov/Archives/edgar/data/1178670/000000000025006335/filename1.pdf | https://www.sec.gov/Archives/edgar/data/1178670/000117867025000026/alny-20241231.htm | https://www.sec.gov/Archives/edgar/data/1706431/000114036125014316/ef20047565_ars.pdf | https://www.sec.gov/Archives/edgar/data/1178670/000162828025047345/alny2025q310-qex102.htm | https://investors.alnylam.com/ | https://www.sec.gov/Archives/edgar/data/0001178670/000117867025000089/alny-20250731.htm | https://investors.alnylam.com/faq | https://www.sec.gov/Archives/edgar/data/1178670/000000000025004975/filename1.pdf | https://www.sec.gov/Archives/edgar/data/1706431/000119312523095234/d114623dars.pdf | https://investors.alnylam.com/node/28162 | https://www.sec.gov/Archives/edgar/data/1505512/000119312523126978/d492192dars.pdf | https://investors.alnylam.com/financial-statements | https://www.sec.gov/Archives/edgar/data/1178670/000117867022000014/alny2021q4exhibit211.htm | https://www.alnylam.com/investors/frequently-asked-questions | https://www.alnylampolicies.com/contact-us | https://vertexaisearch.cloud.google.com/grounding-api-redirect/AUZIYQEPGrGkva3fpuRls_ejkEjALeE-_X9HoT7zU3IGeM1t9i92h-OErBUYuZT8cT4x5zD34VMRKe9lWsE86H5c4e9awC_Kt9PntzSwzil-zjW-VkybLSWSW0rZywryVw15C8fQc7_4kybknJzqTGmPJVKsbxwbrgYbGUj6gmenOY2Ll3OBrPxkGK6s0dQ58oy1yDSRIA7w3xM= | https://vertexaisearch.cloud.google.com/grounding-api-redirect/AUZIYQF9An9vKTEvCUdq-0k0tVqzA_rZi9n3es6WmcadAKWKhs2GUyuykzL404SKsc3cdB7w-HkR13oeXzY1jzsZcF6WUFigD8COsJrPmOVI_0rB1u0pznW8gz_B93iYz55SMoaugDvOPej_FIheI_s20a3zmqJQaLFU9Laf-Ix--4o6M0E9w-J2hr_5SjFbIz6rHUn3xzTJGCyPxsHy | https://vertexaisearch.cloud.google.com/grounding-api-redirect/AUZIYQGnNcJKKsE4xF_rosNttfDRPIa0bxOmfuAUrMt8sVQsdl0Q72vTmXnwiY2mYqCibQel68TGqke5pB1IOJRPVNk2kLM6drXn8cfoTcG7nyXUkaM3hPlwgoBxahGWpjOyr-afpN8FFpyHh7EQj0gSMnGIcI7mpSk7y4AO_6jJeUbj3t_SmUO8UdVGHltvi9Q= | https://vertexaisearch.cloud.google.com/grounding-api-redirect/AUZIYQGww-t3onmq5j6ylexg5ofNL-KBU0Euh8_OpuTlhICUBqwQIIyUel2ALowmGQq2EEcEQx0r9Arw0_fuaVRhi2ZUJAz06BtsgeIpwOV8s6HOQMmtC_nHCrXlob6WT_xGkCf1ALwnrPeyMXkINsl6ws8xZWQDv0yd0O_FlJw-ZULht36rrigYiLsu1Dk37McaUD8= | https://fintel.io/doc/sec-alnylam-pharmaceuticals-inc-1178670-ex211-2022-february-10-19033-2648,"Alnylam Pharmaceuticals, Inc.'s 2024 Annual Report filed with the SEC includes Exhibit 21.1 listing 'Alnylam Italy Srl' as a 100% owned subsidiary in Italy. Alnylam's official Italy contact page also identifies the local entity as 'ALNYLAM ITALY SRL' under the Alnylam corporate website."
Alnylam Pharmaceuticals Inc,Alnylam Japan KK,Subsidiary,1.0,1.0,3,3,accepted_by_consensus,False,https://www.alnylam.jp/about-alnylam | https://www.sec.gov/Archives/edgar/data/1178670/000117867025000026/alny2024q4exhibit211.htm | https://alnylampolicies.com/ja/node/7 | https://www.arni-academie.fr/contact/ | https://en.wikipedia.org/wiki/Alnylam_Pharmaceuticals | https://jrct.mhlw.go.jp/latest-detail/jRCT2031210085 | https://www.highperformr.ai/company/alnylam-pharmaceuticals | https://www.alnylam.com/about-alnylam | https://investors.alnylam.com/faq | https://alnylampolicies.com/ja/node/8 | https://chemdmart.com/company-profile/alnylam-pharmaceuticals-inc | https://www.linkedin.com/company/alnylam-pharmaceuticals | https://alnylampharmaceuticalsinc.gcs-web.com/static-files/66c22862-4f85-45e3-84d9-4c58d38057af | https://zh.wikipedia.org/wiki/%E8%89%BE%E6%8B%89%E5%80%AB | https://www.alnylam.com/index.php | https://www.sec.gov/Archives/edgar/data/1178670/000119312525061427/d899808dars.pdf | https://de.wikipedia.org/wiki/Alnylam_Pharmaceuticals | https://en.wikipedia.org/wiki/Regulus_Therapeutics | https://ir.kyowakirin.com/en/library/annual/main/02/teaserItems1/0110/linkList/0/link/AR_2009.pdf | https://www.chem-t.com/fax/images/tmp_file2_1211879350.pdf | https://media.corporate-ir.net/media_files/irol/14/148005/05ar.pdf | https://investors.alnylam.com/sites/default/files/pdfs/2023-alnylam-annual-report.pdf | https://en.wikipedia.org/wiki/Zilebesiran | https://en.wikipedia.org/wiki/Takeda_Pharmaceutical_Company | https://www.sec.gov/Archives/edgar/data/1178670/000117867022000007/alny2021q4exhibit211.htm | https://www.alnylam.com/contact-us | https://www.alnylam.jp/who-we-are | https://vertexaisearch.cloud.google.com/grounding-api-redirect/AUZIYQF7-IXZamS4tWalgNaF1bo4nm3TlOMZTUF8hsHUOr9A9Yi0hFymQkKeSUbP35Rc8KXQvyxYgVLWxk6CRVFjO2F_wNbcQL1Zvjzncy9zcm3dyuKsd-vEJI8abeJKgUUJA22jApUrKUyzX01S_V6fY4mx7ZQULisxnPEQToSQNabHzrnJu8241__eh-cmdnL32LTgCXeMSeY= | https://vertexaisearch.cloud.google.com/grounding-api-redirect/AUZIYQHgjxkFhsowakEhRTnDmMnr2Bjzk5vZ94ILqma6TQOH1UMosFMiGo3Q8gZncdPkFDNi0XQl1KThGWxvEUknLSlV15gyBtwll8zywFP_k7L8-1Fz3zq5R4hN7s4Sbt-n0MfNnx0JKVSfGaq8yH41_7XzkRoowao_flbipEq6PbgW5l_v3Cfw18RQEO3DVL-_YwExaWDB1Z9pI4Ve | https://vertexaisearch.cloud.google.com/grounding-api-redirect/AUZIYQG6rfEM2bmGgVZ5jjP90yz9ek1Jv4Q6gUCQkEYxN1gVJSq8_bmA0UKsHIucQvRXadoapy_qtVvNTurfHpbd-SgSXDjChPmbfzHDRjvyN2zW7y8G-PHFatM9il2Z2KWxcVFdARDW0OoWDnmxIyMlVcZf03Ow5hu6lF4xz_kWj04fd9z7nqTxwsO2pGCWwSg= | https://vertexaisearch.cloud.google.com/grounding-api-redirect/AUZIYQERq2JaKjeLvCSDBaEtgT1AbP_GlIQD1ZbLOcC33JFfUhx96rbWPMna1Gj7fvgtfODCyCQWD8qwuy6VMKg25OsiGyn7TnVo8srJhPT6YhZXBP4HD1lcYvxN0Z29vU2tftKMC-Ai--RW9CVHdvMJRSQBrDre39oY0MKJ0ndhd3pv_Wv5_KonkznvYfKzUdjV-3M=,"Official Alnylam Japan materials describe Alnylam Japan as the Japanese corporation of Alnylam Pharmaceuticals, and Alnylam Pharmaceuticals' SEC Exhibit 21 lists Alnylam Japan KK as a 100%-owned entity in Japan. This supports a parent-subsidiary relationship."
Alnylam Pharmaceuticals Inc,Alnylam Netherlands BV,Subsidiary,1.0,1.0,3,3,accepted_by_consensus,False,https://www.alnylam.com/alnylam-netherlands | https://www.alnylam.com/contact-us | https://www.sec.gov/Archives/edgar/data/1178670/000117867025000026/alny-20241231.htm | https://laboratorium.nl/bedrijf/alnylam-netherlands-b-v/ | https://www.allebiz.nl/alnylam-netherlands-b-v-0800-4030002 | https://www.alnylam.ca/sites/default/files/news-articles/amvuttra-canada-press-release-12-16-2025.pdf | https://www.verif.com/en/company/Alnylam-Netherlands-B-V--68d9cc5f12992303388e4ce3/ | https://www.sec.gov/Archives/edgar/data/1178670/000117867025000026/R8.htm | https://assets.publishing.service.gov.uk/media/669e40c7ce1fd0da7b592a0b/2023-07-Alnylam-MHRA_IR-redacted.pdf | https://www.afedjob.com/en/partners/alnylam-netherlands-bv-3748 | https://dhpp.hpfb-dgpsa.ca/dhpp/company/17560 | https://ulotka.pl/pdf/100444573/ | https://alnylampolicies.com/sites/default/files/pdf/C2P_Elecetions_and_Annexes.pdf | https://en.wikipedia.org/wiki/Lumasiran | https://www.sec.gov/Archives/edgar/data/1178670/000162828026001755/alny2026q1exhibit991.htm | https://www.sec.gov/Archives/edgar/data/1178670/000115752320001145/a52262204_ex991.htm | https://s3.pgkb.org/attachment/Vutrisiran_2024_11_21_EMA.pdf | https://www.orpha.net/en/institutions/legal-entity/510982 | https://www.sec.gov/Archives/edgar/data/1178670/000119312525061427/d899808dars.pdf | https://en.wikipedia.org/wiki/Patisiran | https://www.rnaiscience.com/sites/default/files/2025-09/EU-ATTR_2025_Clinician_Preference_Poster_9SEP2025_FINAL.pdf | https://www.sec.gov/Archives/edgar/data/818686/000119312525076837/d576379dars.pdf | https://www.sec.gov/Archives/edgar/data/1585854/000158585415000020/exhibit21-listofsub.htm | https://www.sec.gov/Archives/edgar/data/6281/000095013502000307/b40733ade10-k_pdf.pdf | https://www.sec.gov/Archives/edgar/data/0000094049/000119312526122731/d28067dars.pdf | https://www.sec.gov/Archives/edgar/data/26058/000119312524081455/d600442dars.pdf | https://www.sec.gov/Archives/edgar/data/37996/000003799617000013/f1231201610k.pdf | https://www.sec.gov/Archives/edgar/vprr/1300/13003491.pdf | https://www.sec.gov/Archives/edgar/data/98362/000009836225000055/tkr123124exhibit21.htm | https://www.sec.gov/Archives/edgar/data/1688568/000168856820000032/fy2010-kex21.htm | https://www.sec.gov/Archives/edgar/data/1688568/000168856819000055/fy1910-k_ex21.htm | https://www.sec.gov/Archives/edgar/data/914329/000091432916000146/feic-10xkxex21x12312015.htm | https://www.sec.gov/Archives/edgar/data/56978/000005697817000149/exhibit212017.htm | https://www.sec.gov/Archives/edgar/data/26172/000002617225000007/cmi202410-kex21.htm | https://www.sec.gov/Archives/edgar/data/1408287/000119312508228075/dex21.htm | https://www.sec.gov/Archives/edgar/data/49826/000004982624000008/a20231231-ex21.htm | https://www.sec.gov/Archives/edgar/data/820626/000082062604000049/ex21.htm | https://www.sec.gov/Archives/edgar/data/1075531/000107553118000015/pcln-20171231_10kex21.htm | https://www.sec.gov/Archives/edgar/data/23666/000119312503052180/dex21.htm | https://www.sec.gov/Archives/edgar/data/1178670/000117867024000008/alny-20231231.htm | https://www.sec.gov/Archives/edgar/data/1178670/000119312524083479/d787426dars.pdf | https://www.sec.gov/Archives/edgar/data/0001178670/000162828026023923/alny-20260406.htm | https://www.sec.gov/Archives/edgar/data/1178670/000156459017001649/alny-10k_20161231.htm | https://www.sec.gov/Archives/edgar/data/1178670/000117867024000053/alny-20240930.htm | https://www.sec.gov/Archives/edgar/data/1178670/ | https://www.sec.gov/Archives/edgar/data/1420565/000095017024044508/alrn-20231231.htm | https://www.sec.gov/Archives/edgar/data/1178670/000162828026001755 | https://www.sec.gov/Archives/edgar/data/1178670/000119312512053552/d273526d10k.htm | https://www.sec.gov/Archives/edgar/data/1178670/000162828026007491 | https://www.sec.gov/Archives/edgar/data/1178670/000095013504003965/b51070ape10vq.htm | https://www.sec.gov/Archives/edgar/data/1178670/000115752322000494/a52699629ex99_1.htm | https://www.sec.gov/Archives/edgar/data/1178670/000117867022000005/alny2021q4exhibit211.htm | https://investinholland.com/success-stories/alnylam/ | https://vertexaisearch.cloud.google.com/grounding-api-redirect/AUZIYQFfTW_3FF7WNhPqBOcwgF6nqqC65esZnQYjxorlZSp6O04-XjEZsu2Oiz6jX8RMSrw8Dt9jLV0nkXrbEVBdTdPSeQ4dEpwECsXcHE2b4Y7Y5SceYfuDRXOeEvyytVxDtdW-5SQrAeUSt4tSaIOHds-7baO8hKqo2WktotCsatg8nEX_TaqT0ecr6bAVn0zhze1CT48yBn0= | https://vertexaisearch.cloud.google.com/grounding-api-redirect/AUZIYQH7A3ADwcGbrfnOqcCLErV8IX5SdE5931S9tY1OhLJH52SlilqdEXF9iLS0iDC_apC_XdcYaBPe1wabwbeG_fmRqZSv6auY6_94GPNbkd9jA6A31H4pMHgztf5FNd4-Dp4A2NhEbmuTx4Um_4FkLw0pseUww1zHyMXdcLCded2rcwUDC66lnhx6xxia0TDEJFSbZb-yHbeUPNRs | https://vertexaisearch.cloud.google.com/grounding-api-redirect/AUZIYQExKgYcIvVobgcLM7W-YFmunb5MNMW-ohdXWUUAMquFKbQvoWfdBRrhCnaiilEM-urS-h-oPZqsUnt40CPEf9pLJjnQWrOVb-pejsecgS_DJMNhunwfJHU54sa3MWzibd3Gs5zf9MDlsbM2OVBxkpTSSEJThIgtZkon-XuU8pzO5LzD0F6Ypa086aXZqzQ= | https://vertexaisearch.cloud.google.com/grounding-api-redirect/AUZIYQGzz2h0a8s9Ei4EmH-Aaphsgw2tdExDDpduYtLeTHvsLRSeEKTi4VcuXkYW216y7_V4NhWIkXHxJtq8FJ2gjmdzkq3FtvLAOWh1nEfKMJn_25f2c1fA2e9X3h59ONrQKbqjOsp5KzVj4JCjOXcoDoY= | https://vertexaisearch.cloud.google.com/grounding-api-redirect/AUZIYQECTF06cfgTXBeL8Xvgb-pkXZiOVqbxTrc8oxP7FTnZfxzYYAfCnk6awDiWioiLS7EZOofYEFQUPq03NGrhCGh0ZlQZyARd03J_B6ULvOGY9VtuOPcjiXTk3qPXgabwGQDe8R1hlTddUrBX7LOaUDaldk_j1HYBHZn-83ac7quEvrJud3vJXHifPp_L3uNwSVFfE8s6rzMx0iPOceKhmiE= | https://fintel.io/doc/sec-alnylam-pharmaceuticals-inc-1178670-ex211-2022-february-10-19033-2648 | https://www.sec.gov/Archives/edgar/data/1178670/000156459019003022/alny-ex211_545.htm,"Official Alnylam websites list 'Alnylam Netherlands B.V.' as an Alnylam entity/contact location, and Alnylam Pharmaceuticals, Inc.'s recent SEC filings state that its consolidated financial statements include its subsidiaries and refer to wholly owned subsidiaries. Together, this supports that Alnylam Netherlands B.V. is a subsidiary within the Alnylam corporate group rather than a separate partner or merger target."
Alnylam Pharmaceuticals Inc,Alnylam Pharmaceuticals Spain SL,Subsidiary,1.0,1.0,3,3,accepted_by_consensus,False,https://alnylampharmaceuticalsinc.gcs-web.com/static-files/5bf87e4d-c9df-43b5-b072-91fcd577990a | https://www.alnylam.com/index.php/alnylam-espana | https://investors.alnylam.com/faq | https://www.informa.es/directorio-empresas/Empresa_ALNYLAM-PHARMACEUTICALS-SPAIN.html | https://empresite.eleconomista.es/ALNYLAM-PHARMACEUTICALS-SPAIN.html | https://dogv.gva.es/datos/2025/04/03/pdf/2025_8888_es.pdf | https://www.iberinform.es/empresa/7327715/alnylam-pharmaceuticals-spain | https://dogv.gva.es/datos/2024/06/10/pdf/2024_5328.pdf | https://www.einforma.com/informacion-empresa/alnylam-pharmaceuticals-spain | https://www.datoscif.es/empresa/alnylam-pharmaceuticals-spain-sl | https://www.empresia.es/empresa/alnylam-pharmaceuticals-spain/ | https://www.talentoteca.es/finder/details/27962086/beca-ade | https://infonif.economia3.com/ficha-empresa/alnylam-pharmaceuticals-spain-sl | https://contratos.gobierto.es/adjudicatarios/alnylam-pharmaceuticals-spain-sl | https://dogv.gva.es/datos/2024/04/19/pdf/2024_3343.pdf | https://cima.aemps.es/cima/pdfs/ft/1201496001/FT_1201496001.pdf | https://cincodias.elpais.com/directorio-empresas/empresa/7327715/alnylam-pharmaceuticals-spain | https://www.juntadeandalucia.es/sites/default/files/2022-10/PTR%20ALNYLAM%202022%20PE%C3%91A%20PE%C3%91A_Censurado.pdf | https://www.sec.gov/Archives/edgar/data/1178670/000117867022000014/alny2021q4exhibit211.htm | https://www.alnylam.com/es/spain | https://vertexaisearch.cloud.google.com/grounding-api-redirect/AUZIYQGGEBvX3JGmC85K6e0atqeS9jDEcMtRIBXJAJELS2QmpnxoyAjVHrzbWXgQ281GTH7jYMZwgtlo9nvZmXpd5G-0fsV-D7X2G-Lgwg_07djI976KeKJJ3z-tvtCejzCEXYH9lf4V99RT6gExYZ65iKqdAylEEndu71EcwnP2F95PWuUz1Ut0kUlFZmz8v78zUogqDMADECw= | https://vertexaisearch.cloud.google.com/grounding-api-redirect/AUZIYQETIA9AV65wlWHALvXjdDs57pe93BS3dRm18hw--AntqVwI2VldVFmZDvBiq6A9W1_nSTg5gdur0GYciVXVLxAoC4Nps1ELtrkywPOyeUFZIH774IJC5s471Q0LIdS6-M55g-DKtGp90DWAtiW5az2xOjrQszEKLSm5sn0Xl8GdIo3onVm8RN0Quloa2fQ9ABL-xcMQnWYX_H27 | https://vertexaisearch.cloud.google.com/grounding-api-redirect/AUZIYQFKmDS_UxgPaMYqzfJvdcKLsxpzbc7Zavyt4x1gvmuEPqg45psnJEASg49Aq_qNuRNmI8gcDGlZAK9CZFGCm35FOdV2ZxPFgfMCaAhTvkmSNBeieMhj68JFXqqBY-NsbOtqxGwDOp8-otp9STbYgUGtggQbPIpEQrw61VPqf8h9OdKkPJYwXpyDSbivLIA= | https://vertexaisearch.cloud.google.com/grounding-api-redirect/AUZIYQHBGk_l9FWu6Wpn2RICjd2jwyoo_-zyztNU_456Fy9J0OoavGxf_2AF-YkpL-7su12ntTWkbnZp22-vW-ixu5mmONhKe6Zz8SWGcobZScgjIhAul0TFR7GPd-ktUQczsjRe5ayr5ovSnypdXVlyD2ZgjRXEb6lrOFaSoyDX-pD5LAUxXo9vYWImRO_RIywjsPA= | https://vertexaisearch.cloud.google.com/grounding-api-redirect/AUZIYQHrOaSAJ-h_HVwEQugWvimhjiXH2blTEV04-5kQmOCf64q4tcWGxdm7ViI7B5mx7X1Pk-iDXVLl5fa1eM5Z7HkSALkry5eMsNthEciDAFZVhWpm9-TAwEIQqLU9OIVIIOTk | https://www.sec.gov/Archives/edgar/data/1178670/000117867025000026/alny2024q4exhibit211.htm | https://www.alnylam.com/alnylam-espana,"Alnylam Pharmaceuticals, Inc.'s Form 10-K lists 'Alnylam Pharmaceuticals Spain SL' in Exhibit 21.1 as a 100%-owned subsidiary organized in Spain. Alnylam's official Spain website also identifies Alnylam Pharmaceuticals Spain SL as the local Alnylam entity in Madrid."
Alnylam Pharmaceuticals Inc,Alnylam Sweden AB,Subsidiary,1.0,1.0,3,3,accepted_by_consensus,False,https://www.sec.gov/Archives/edgar/data/1178670/000117867023000005/alny2022q4exhibit211.htm | https://www.alnylam.com/alnylam-sverige | https://www.alnylam.com/alnylam-denmark | https://www.alnylam.com/sites/default/files/pdfs/sweden-2024-methodology_23_apr_2025.pdf | https://investors.alnylam.com/faq | https://www.alnylam.com/about-alnylam | https://www.alnylam.com/contact-us | https://alnylampolicies.com/ | https://www.alnylam.com/index.php | https://www.alnylam.com/sites/default/files/pdfs/2022%20Alnylam%20Corporate%20Responsibility%20Report.pdf | https://investors.alnylam.com/sites/default/files/pdfs/2024-alnylam-annual-report.pdf | https://eu.lekovi.org/sv/h/b4626473/givlaari-v1.php | https://crowdcomms-prod-media.s3.amazonaws.com/media/documents/a075f9602e324b34a84d07a343c960c7.pdf | https://www.alnylam.com/sites/default/files/pdfs/ALNY-Corp-Fact-Sheet.pdf | https://www.sec.gov/Archives/edgar/data/1178670/000119312519296636/d834366dex991.htm | https://swedenahp.com/ | https://www.sec.gov/Archives/edgar/data/1178670/000115752320001145/a52262204_ex991.htm | https://www.hitta.se/alnylam%2Bsweden%2Bab/stockholm/cmuydfmqr | https://botplusweb.farmaceuticos.com/Documentos/AEMPS/FichasTecnicas/401793/FT_1201496001.pdf | https://www.sec.gov/Archives/edgar/data/730272/000119312523097923/d470326dars.pdf | https://www.sec.gov/Archives/edgar/data/46129/000114036125010432/ny20038965x3_ars.pdf | https://www.sec.gov/Archives/edgar/vprr/1300/13002760.pdf | https://www.sec.gov/Archives/edgar/data/1178670/000095013506007385/b63139ape424b5.htm | https://www.sec.gov/Archives/edgar/data/200406/000095012309003187/y74152exv21.htm | https://www.sec.gov/Archives/edgar/data/730263/000114036124045385/ef20038072_ars.pdf | https://www.sec.gov/Archives/edgar/data/20232/000002023214000009/ex211.htm | https://www.sec.gov/Archives/edgar/data/1101680/000110168023000036/annualreport-final3.pdf | https://www.sec.gov/Archives/edgar/vprr/1500/15008010.pdf | https://www.sec.gov/Archives/edgar/data/200406/000020040623000016/ex21-subsidiariesxform10xk.htm | https://www.sec.gov/Archives/edgar/data/1178670/000117867023000005/alny-20221231.htm | https://www.sec.gov/Archives/edgar/data/1505512/000119312512360813/d392345ds1.htm | https://www.sec.gov/Archives/edgar/data/14272/000001427224000044/bmy-20231231exhibit21.htm | https://www.sec.gov/Archives/edgar/data/1178670/000095013504002514/b49404a3sv1za.htm | https://www.sec.gov/Archives/edgar/data/1085280/000119312508012458/dex21.htm | https://www.sec.gov/Archives/edgar/data/1178670/000117867023000005/alny2022q4exhibit1046.htm | https://www.sec.gov/Archives/edgar/data/1178670/000117867022000014/alny2021q4exhibit211.htm | https://www.alnylam.com/investors/investor-faqs | https://vertexaisearch.cloud.google.com/grounding-api-redirect/AUZIYQGV14kzYSfUTL9uah-1yLi7CoR3ONyWb9Xi5FcIpAAL8Fhq7RfoD4ZC7h--DOQpURBfskwnKUtA8WfkOmC56zMNE2gJt82hI1RFn7JWbAUAWxNKMxdj8T5szLkQSF0nyF2zcMMdd0hCiepYNauN7M3016bgxLpd2hH3UsE9mbO49-UBjd8-VIJfsQVtsiP2-cCM9slbGg== | https://vertexaisearch.cloud.google.com/grounding-api-redirect/AUZIYQGF6zinKPNqEtyXDjmsPaqiRJrWAFqPLTSN7WoNG7Ow_4PU_vh6030xbbpr7BN5L7NaxiOCjYJlCMdsC2xxS-kgNTwQhn6FbSZvyUMySVyCMjM5uu4U6ZbiosDT2aHdOxqUsAcNdwQ7RXQ8H1a7IpmZtFauVqnr839uoV0B2P7XKMHNMeS0bkChEQ9IC7GGoLhc3iJ_udsiNkY= | https://vertexaisearch.cloud.google.com/grounding-api-redirect/AUZIYQE92JoamlaY_xrx6TFKPBhiu-MS-3rss8iElSeE2VIIZQYAQz9O1XB6SarqeG7Qgwcf_DkSke8QSKiBVNZ7yVyllAEml2xIr-Zj4BZrFoXO8N_NBuOMYZYcDuS8NulEQA== | https://www.sec.gov/Archives/edgar/data/1178670/000117867025000026/alny2024q4exhibit211.htm,"Alnylam Pharmaceuticals, Inc.'s SEC Exhibit 21.1 lists Alnylam Sweden AB as a 100%-owned subsidiary in Sweden. Current official Alnylam country pages and transparency reporting also identify Alnylam Sweden AB as an Alnylam entity operating in Sweden."
Alnylam Pharmaceuticals Inc,Alnylam Switzerland GmbH,Subsidiary,1.0,1.0,3,3,accepted_by_consensus,False,https://www.sec.gov/Archives/edgar/data/1178670/000117867025000026/alny2024q4exhibit211.htm | https://www.sec.gov/Archives/edgar/data/1178670/000156459019003022/alny-ex211_545.htm | https://www.alnylam.com/contact-us | https://www.alnylam.com/alnylam-switzerland-german | https://www.alnylam.com/alnylam-switzerland-italian | https://www.alnylam.com/alnylam-switzerland-french | https://www.sec.gov/Archives/edgar/data/1178670/000162828025047345/alny2025q310-qex102.htm | https://www.sec.gov/Archives/edgar/data/879407/000119312511347334/d265091dex1036.htm | https://www.sec.gov/Archives/edgar/data/1178670/000119312525061427/d899808dars.pdf | https://www.sec.gov/Archives/edgar/data/1178670/000095013506007385/b63139ape424b5.htm | https://www.sec.gov/Archives/edgar/data/0001178670/000162828026007491/alny2025q4earningsrelease.htm | https://www.sec.gov/Archives/edgar/data/1178670/000119312521005849/d105171dex991.htm | https://www.sec.gov/Archives/edgar/data/1178670/000117867023000023/alny2023q310-qex101.htm | https://www.sec.gov/Archives/edgar/data/1178670/000115752322001411/a52953758ex99_1.htm | https://www.sec.gov/Archives/edgar/data/1178670/000095013506000280/b58707b5e424b5.htm | https://www.sec.gov/Archives/edgar/data/1178670/000119312523089638/d418223dars.pdf | https://www.alnylam.com/index.php/contact-us | https://www.sec.gov/Archives/edgar/data/819793/000081979324000023/ain2023annualreportand10-k.pdf | https://www.sec.gov/Archives/edgar/data/818686/000119312524097752/d706461dars.pdf | https://www.sec.gov/Archives/edgar/data/746782/000119439606000245/cognosex21_91161.htm | https://www.sec.gov/Archives/edgar/data/818686/000119312525076837/d576379dars.pdf | https://www.sec.gov/Archives/edgar/data/1178670/000117867023000005/alny2022q4exhibit211.htm | https://www.sec.gov/Archives/edgar/data/1178670/000156459018002152/alny-ex211_51.htm | https://www.sec.gov/Archives/edgar/data/102741/000089710106000075/valspar060063_ex21.htm | https://www.sec.gov/Archives/edgar/data/68709/000089710108002407/mts084811_ex21.htm | https://www.sec.gov/Archives/edgar/data/1178670/000119312516462538/d19384dex211.htm | https://www.sec.gov/Archives/edgar/vprr/1001/10010142.pdf | https://www.sec.gov/Archives/edgar/data/14195/000001419512000020/ex21.htm | https://www.sec.gov/Archives/edgar/data/103379/000010337922000006/vfc422022ex21.htm | https://www.sec.gov/Archives/edgar/data/816956/000119312523097117/d362653dars.pdf | https://www.sec.gov/Archives/edgar/vprr/1300/13002192.pdf | https://www.sec.gov/Archives/edgar/data/1178670/000117867022000005/alny2021q4exhibit211.htm | https://www.moneyhouse.ch/en/company/alnylam-switzerland-gmbh-1111111111 | https://vertexaisearch.cloud.google.com/grounding-api-redirect/AUZIYQFCgO_bLdEUaS2wOrfa9Vk6EUHpoEae6OWoXtBVBDAJcieV_8gebybXm_LbZSFOYvBjMJX7lx5GyRzR839YBkGZpzrJhqtABHnznEl_N0KkyNFJgdulEyiJYCtC8-VDpW8tSlFGb-J1yJLgXVKQ3cnSgnn58SuAabpYZnJo3z9L93wLpbm_4tU6fVxGAxwkKA004qmUStk= | https://vertexaisearch.cloud.google.com/grounding-api-redirect/AUZIYQH3HdIb2a0aThmDiBOUcTD_h4VOYmeLJveOoaKSxjSNSuJ39Gmh6m7YanT7PWbj3ZlQlwdgYaCkH2iTtd5UKXYoVidMykd0WQOF5nrws5FzKCfb1mzOKD1fg_OdGmx4yqWrP9i_KqtsdbfMNDVplUYi1ToDfTxo52gYve2vP4g89c8_pkNmx-0OtizlQmc= | https://vertexaisearch.cloud.google.com/grounding-api-redirect/AUZIYQF_LmLahah0Yo4wIVsVgcLtzZE-HjbSK6PfJ_C89S9EbZlzpQ2zzfEo9_YiBHDXUd3tGsBKSKh2uESFddccs0zBd4q5rhOxj9o2YeZ5-3lE75okntVu5K66Ut6OisYFyVZGR8SqbErWgE0dK9yjzgKsH8zp8VXn2H7CyGbARsVN3XiTRKYeZR4-XGwQ0jPaMNM= | https://vertexaisearch.cloud.google.com/grounding-api-redirect/AUZIYQGtOGqyWqPn18b2r7XgDKLv_0rsa-5Rwi9S04SbMFkqVtjkfmXJkb2G7Ph8nY7do31ZVkT_Vr3hnEloPdqJ-CUZj87ajGYPchx3pgcrbElnH7eGkPzXijQteZiC6WCnFg0L69qOieQvsA0eCPr9PqAnFbGzbhgzgIQIIVIgCzq0TFem6d1rBFtvB1h4vfzV3unn4UEUjqF0zOpYGvgW06iKTjVOYdtiDy6I9SaYIj4_HVoFEq5XLgk= | https://vertexaisearch.cloud.google.com/grounding-api-redirect/AUZIYQFJjz0Ewz7i3Ulf46t4_9iMVSLNfx7WNhMkWfpR_9E2hWryMPNJfMLTEGfjSLFYekVHKo8RdX1tPAz_C1wA65rdEIppWJhA_JsBTc-PmLgFl116C5uA2h9d5XXHYRQ=,"Alnylam Pharmaceuticals, Inc.'s SEC Exhibit 21 lists Alnylam Switzerland GmbH as a 100%-owned subsidiary in Switzerland. Alnylam's official contact/country pages also present Alnylam Switzerland GmbH as part of the Alnylam corporate organization."
Alnylam Pharmaceuticals Inc,"Alnylam Taiwan Co., Ltd.",Subsidiary,1.0,1.0,3,3,accepted_by_consensus,False,https://www.sec.gov/Archives/edgar/data/1178670/000117867025000026/alny2024q4exhibit211.htm | https://alnylampharmaceuticalsinc.gcs-web.com/static-files/66c22862-4f85-45e3-84d9-4c58d38057af | https://www.sec.gov/Archives/edgar/data/889519/000175272424271128/vg_bailliegifford.htm | https://www.itcn.org.tw/sponsors/ | https://www.sec.gov/Archives/edgar/data/1178670/000119312525061427/d899808dars.pdf | https://www.sec.gov/Archives/edgar/data/1178670/000117867023000005/alny2022q4exhibit1046.htm | https://www.sec.gov/Archives/edgar/data/874015/000110465913016208/a12-28450_110k.htm | https://www.sec.gov/Archives/edgar/data/1178670/000119312523194715/d448801dex991.htm | https://www.sec.gov/Archives/edgar/data/1178670/000095013506001651/b58496ape10vk.htm | https://www.sec.gov/Archives/edgar/data/1178670/000095013506000280/b58707b5e424b5.htm | https://www.sec.gov/Archives/edgar/data/1178670/000095013508005476/b71141apexv10w1.htm | https://www.sec.gov/Archives/edgar/data/1178670/000095013507001526/b63620ape10vk.htm | https://www.sec.gov/Archives/edgar/data/1706431/000119312523095234/d114623dars.pdf | https://www.globaldata.com/company-profile/alnylam-pharmaceuticals-inc/locations/ | https://investors.alnylam.com/faq | https://www.sec.gov/Archives/edgar/data/1706431/000114036125014316/ef20047565_ars.pdf | https://www.sec.gov/Archives/edgar/data/1178670/000119312523089638/d418223dars.pdf | https://www.sec.gov/files/investment/13flist2024q1.pdf | https://www.sec.gov/Archives/edgar/data/1178670/000117867022000005/alny2021q4exhibit211.htm | https://www.alnylam.com/taiwan-zh | https://investors.alnylam.com/press-release?id=27886 | https://vertexaisearch.cloud.google.com/grounding-api-redirect/AUZIYQHJTYCVn89jlSkCJ5Cq4JkeSLMErfgLOk-XFrb6T-LjV7IjcrcpSm2pVLsd2ua_DWULsL5vg_HOI3ye5fA8HQCaTdx6BfhvyhQIiBZQA0V1ZNlwv3p14Z7bI0iYJjdk1kHFnbosNPp0v0uxDDXg-Ra30gv9LPE4HFVUdJz3APsRVb7kdkMK5KBscHmFHqZqFy7v37uYvfc5E4Y= | https://vertexaisearch.cloud.google.com/grounding-api-redirect/AUZIYQFaIUM9-csO0rKYdf9md6G6EQSdhqpNNIQzKC8GUsL3EF29AOiLSfwbCAtfph_qYLLlaZ-Vv0K7G_hcBpSlkmrtubYkY9GhIyvHo2pSa5ktg1VS7fFcK3RPoUbFkjQwu9tVDyUnAiAsB_qTe6FpQF50XJmdc6jiUrbs5zMfN5qll_YKmzkMNQoN82GO3-0vXbhL2aaPvQ== | https://vertexaisearch.cloud.google.com/grounding-api-redirect/AUZIYQHC7yxFyF5w4Iye0wIQ21w_eqBlXUU8bkCkw2-_Xo-JwdgJ7e02wYxYzpROzNFN0x9SWx42sSqGz0J0O6FTlADYUetgZtTq13xDKrXVjDqx6Ku6IWBxKbEXZddg34mN7OdR9FOGkX5LASkHhiEUu9ucBWAdaOT8pe-ITsx5Tas77_0C2kOlZAX4b9C6pO_Q-3CTw642kEiLqss= | https://vertexaisearch.cloud.google.com/grounding-api-redirect/AUZIYQH3UOjUnYf7c6sgOuIgCQUdFxCGk-bcDHQgJUKsjnBlFEhXD7YTsLXmVCIfvfLATQIjscBDyypu94-t_jwvoUNp7m02T_YtKcgLXGQSp3YqN1lJ-Cl44AS1RbdOZ6IZvJX15hpjMhlnsbvChT4yPOA4HYb9ZyNr4BbglxFEuDAU3ccS9bzn_7A3i1TVdQ== | https://www.alnylam.com/alnylam-taiwan | https://www.sec.gov/Archives/edgar/data/1178670/000156459019003022/alny-ex211_545.htm | https://fintel.io/doc/sec-alnylam-pharmaceuticals-inc-1178670-ex211-2022-february-10-19033-2648,"Alnylam Pharmaceuticals, Inc.'s SEC Exhibit 21.1 (Subsidiaries of the Registrant) lists Alnylam Taiwan Co. Ltd. as a 100%-owned subsidiary in Taiwan, which is direct official evidence of a parent-subsidiary relationship."
Alnylam Pharmaceuticals Inc,ALNYPT Unipessoal Lda,Subsidiary,1.0,1.0,3,3,accepted_by_consensus,False,https://www.sec.gov/Archives/edgar/data/1178670/000117867023000005/alny2022q4exhibit211.htm | https://alnylampharmaceuticalsinc.gcs-web.com/static-files/5bf87e4d-c9df-43b5-b072-91fcd577990a | https://www.alnylam.com/transparency-portuguese-portugal | https://www.alnylam.com/contact-us | https://www.alnylam.com/about-alnylam | https://investors.alnylam.com/faq | https://www.einforma.pt/servlet/app/portal/ENTP/prod/ETIQUETA_EMPRESA_CONTRIBUINTE/nif/514799633/contribuinte/514799633/ | https://www.racius.com/alnypt-unipessoal-lda/ | https://www.iberinform.pt/empresa/24827800/alnypt-unipessoal-lda | https://www.alnylam.com/index.php | https://investors.alnylam.com/sites/default/files/pdfs/2023-alnylam-annual-report.pdf | https://www.nif.pt/514799633/ | https://www.globaldata.com/company-profile/alnylam-pharmaceuticals-inc/locations/ | https://www.tenderinfo.org/portugal/supplier/1482905/alnypt-unipessoal-lda | https://en.wikipedia.org/wiki/Alnylam_Pharmaceuticals | https://www.alnylam.com/sites/default/files/pdfs/ALNY-Corp-Fact-Sheet.pdf | https://stocklight.com/stocks/us/nasdaq-alny/alnylam-pharmaceuticals/annual-reports/nasdaq-alny-2022-10K-22610261.pdf | https://de.wikipedia.org/wiki/Alnylam_Pharmaceuticals | https://www.reddit.com/r/SECFilingsAI/comments/1oibeo3 | https://www.reddit.com/r/SECFilingsAI/comments/1me1kz0 | https://www.reddit.com/r/SECFilingsAI/comments/1ojypc8 | https://www.reddit.com/r/edgar_news/comments/1nffl1f | https://www.reddit.com/r/u_NervousFarm9589/comments/vxy9yb | https://www.reddit.com/r/SECWatch/comments/1r2tip7/alnylam_alny_achieves_profitability_with_81_yoy/ | https://www.reddit.com/r/edgar_news/comments/1ndbog5 | https://www.reddit.com/r/stocknear/comments/1o2ys35 | https://www.reddit.com/r/BANDOFBROTHERSOFSRNE/comments/11ys6om | https://www.reddit.com/r/stocknear/comments/1nl54h6 | https://www.reddit.com/r/edgar_news/comments/1pjwe7j/alnylam_pharmaceuticals_inc/ | https://www.reddit.com/r/edgar_news/comments/1nxae35 | https://www.sec.gov/Archives/edgar/data/1172319/000117231922000014/alny-ex211_545.htm | https://www.alnylam.com/alnylam-portugal | https://vertexaisearch.cloud.google.com/grounding-api-redirect/AUZIYQHvclqWjaMsc9WQVnOBFR5PVPm9eHQi0iGfG6fnRNi461xSCUWgOOLVPy-lxJ72ii0D42KlSf2W42zeI46UvNeOon0qXmFZzUp-6kvbue0lDfTiAOWppsdZhtCBP_ZW4r62JrnVbZ_5AcVN0343AJNYY8v3Jv7g17Gp4Hp_Hx1Bf3DuJ8EOKjmafuENg5wB83EwiD6UhjWHPZE= | https://vertexaisearch.cloud.google.com/grounding-api-redirect/AUZIYQHcFGNqboRq0AqzkOoEi6ck6udc-JfbBmeZzu8Y4PkoO_A-srmjQvBEpLL1LTd8jOxxZE7irXPf6nEIoY7KlC6IcRIbceArXcF9vx74KEdiPHcttiBxvDdNH6CKDRCPytHx_mwIpC4CLp0FGJ7jUulh_EgJtoDZ2BfyJ8Zg1LLNqV8TKldj1SCdEleO3Q== | https://vertexaisearch.cloud.google.com/grounding-api-redirect/AUZIYQH_l9QRjD1QFS4IfrT6KV1OJgj2KI0FuUNNxguNnY-SUM9_Tf8V35JN3uVBQCYIaMzVVUIKDT9mvkTDk_yMjrdTDkg-RyM89hQ4HP1RnviN30FDejbxsO5W_TBYm32iIaI0H8dH | https://vertexaisearch.cloud.google.com/grounding-api-redirect/AUZIYQHewkaAxJSvTP-8Amql-HIDBGH0Fyeoj00wIatiliMWLHDojcgCTvVNDc5DuwHefQVBdiR7HDRUzJw9I9KQdj3Bqm_clwLCaNO6uBv8LwcUxAV5TJ__1sdo_bxAFHd8ohsoafbByAJhlaRFAFxgkwEpH9z_RyzKK_Vkecnj_1H-auRu-mzklTRO9Yad4aSVv4KCmRJ6Wg== | https://vertexaisearch.cloud.google.com/grounding-api-redirect/AUZIYQHvUHAbbKmEnBnU6YS-jp8blzKp0-SYeCnSxNe_QeimHjIoXwHo9ir8bMl-e6Xwhr9uAhATEDp885YEJyYkAD_fMvianoLd6jqDmMhYHWT004WUnwvdMFaVfilhyFYpI5xMoh1pxdzjXAJI7uXWb2lMjgPUE8aw3hL804N_QO475du_LKd4EVy-BHzwz0mJWQytY-3M40Gpc8k= | https://www.sec.gov/Archives/edgar/data/1178670/000156459019003022/alny-ex211_545.htm | https://www.sec.gov/Archives/edgar/data/1178670/000117867025000026/alny2024q4exhibit211.htm,Alnylam Pharmaceuticals lists ALNYPT Unipessoal LDA as a 100%-owned subsidiary in its SEC Exhibit 21 subsidiary filing. Alnylam also maintains a Portugal transparency page consistent with operating through a Portuguese local entity.
Alnylam Pharmaceuticals Inc,Alnylam UK Limited,Subsidiary,1.0,1.0,3,3,accepted_by_consensus,False,https://www.sec.gov/Archives/edgar/data/1178670/000117867025000026/alny2024q4exhibit211.htm | https://www.sec.gov/Archives/edgar/data/1178670/000119312514060913/d653396d10k.htm | https://alnylam.co.uk/ | https://alnylampharmaceuticalsinc.gcs-web.com/news-releases/news-release-details/alnylam-issues-2024-corporate-responsibility-report | https://en.wikipedia.org/wiki/Alnylam_Pharmaceuticals | https://investors.alnylam.com/sites/default/files/pdfs/2023-alnylam-annual-report.pdf | https://www.alnylam.com/alnylam-uk | https://alnylampharmaceuticalsinc.gcs-web.com/static-files/815e66f0-a12f-4c86-8065-8ac5adb0c0e0 | https://www.sec.gov/Archives/edgar/data/1178670/000117867025000026/alny-20241231.htm | https://de.wikipedia.org/wiki/Alnylam_Pharmaceuticals | https://www.sec.gov/Archives/edgar/data/1178670/000119312524083479/d787426dars.pdf | https://uk.advfn.com/stock-market/NASDAQ/ALNY/financials/income-statement | https://alnylam.com/sites/default/files/pdfs/alnylam-cr-report-2023.pdf | https://csimarket.com/stocks/segments.php?code=ALNY | https://www.fidelity.co.uk/factsheet-data/factsheet/US02043Q1076-alnylam-pharmaceuticals-inc/financials | https://uk.advfn.com/stock-market/NASDAQ/ALNY/financials | https://investors.alnylam.com/node | https://www.alnylam.com/about-alnylam/transparency-uk | https://www.sec.gov/Archives/edgar/data/1178670/000117867023000005/alny-20221231.htm | https://www.reddit.com/r/edgar_news/comments/1nffl1f | https://www.reddit.com/r/edgar_news/comments/1ndbog5 | https://www.reddit.com/r/SECFilingsAI/comments/1me1kz0 | https://www.reddit.com/r/edgar_news/comments/1pjwe7j/alnylam_pharmaceuticals_inc/ | https://www.reddit.com/r/SECWatch/comments/1r2tip7/alnylam_alny_achieves_profitability_with_81_yoy/ | https://www.reddit.com/r/edgar_news/comments/1nxae35 | https://www.reddit.com/r/SECFilingsAI/comments/1ojypc8 | https://www.reddit.com/r/edgar_news/comments/1rkzwrx/alnylam_pharmaceuticals_inc/ | https://www.reddit.com/r/edgar_news/comments/1pdirq7/alnylam_pharmaceuticals_inc/ | https://www.reddit.com/r/edgar_news/comments/1lesnpq | https://www.reddit.com/r/stocknear/comments/1o2ys35 | https://www.reddit.com/r/stocknear/comments/1nl54h6 | https://www.sec.gov/Archives/edgar/data/1178670/000117867022000008/alny-ex211_545.htm | https://www.alnylam.com/contact-us | https://fintel.io/doc/sec-alnylam-pharmaceuticals-inc-1178670-ex211-2022-february-10-19033-289 | https://vertexaisearch.cloud.google.com/grounding-api-redirect/AUZIYQFgoMgpSpYl-sRCxqgOZo1zLYdhVUHPgHJDlDlCxg0M46r10B2cgBT4WLeIq72Xpf7k0Isb1Wa-tE15V7E4uR971X8XkpJ-Y5YodonqBQJPAlyERnPL2B4AgtH-BspA2Af8pcHE_uqyhSODlgjj7EMfVysfeXuRnRt5bOewBZ13hBq2WPw6zYVYHVqAn0G7MBYa17uAQhM= | https://vertexaisearch.cloud.google.com/grounding-api-redirect/AUZIYQEcxAgm6lkuNkSVVBxz5y1U7bajfNKU1eKuCtYi_KYZpMZPW1-dn_w-EXGlrqstmAgBq4sJakZ6IatjfAs4QCn_E7MqvMvD5t194CFO7A9psBSQal4q3GiqnR58FmtXggWhLoNs0qoAFLbDsyA14UwpKrDC_WwWD4dIqDjQ3fDaPY5jw_KUkAGyVBO4kHzH7wVYDfEb2dpLfpYW | https://vertexaisearch.cloud.google.com/grounding-api-redirect/AUZIYQEBAyec0DLxuMy2MYqNkK2SP0mx8rts7F7WLCFuFGTlawa6NckbN-WynKDpiBoSWHzzrB6QR88rcdhf8CmFFOKAVEkyv0L8tEDzaT451bAwbbMtfSvyfbS0eclP2CLMqpd0UC_f-kFARufzhE1iRphKHJAvFJz91tKFVQkTDDLj80XufXplJ1lREGWl_yE= | https://vertexaisearch.cloud.google.com/grounding-api-redirect/AUZIYQEp3AA7ekswlDo90wJevvVAahw6Or4N2zm7yUbdcIYYHGGlwYIMo63RKFhE12XPnuqFUL7bQmK0KbR9oGJ-dvJo6aJKYjFl_clXtMJTBu0ehl9wUUo51rW617C1FqS7cN9PkA2eWb79fp3S7J7dTzYDy6NeTX4FH6L8jJR1tb_mYGiNBx3ppmiAoZDUqAsA_wA= | https://fintel.io/doc/sec-alnylam-pharmaceuticals-inc-1178670-ex211-2022-february-10-19033-2648 | https://find-and-update.company-information.service.gov.uk/company/08871372/persons-with-significant-control,"Alnylam Pharmaceuticals, Inc.'s SEC Exhibit 21.1 (filed in 2025 for the 2024 year-end) lists Alnylam UK Ltd. as a 100%-owned subsidiary in the United Kingdom. An earlier Alnylam 10-K also states that Alnylam UK Limited is one of the company's wholly owned subsidiaries. The UK website further identifies itself as Alnylam UK Ltd and is branded/copyrighted by Alnylam Pharmaceuticals, Inc."
Alnylam Pharmaceuticals Inc,Ribopharma AG,Acquisition,0.97,1.0,2,3,resolved_by_resolution_agent,False,https://www.sec.gov/Archives/edgar/data/1178670/000095013504001018/b49404apsv1.htm | https://www.sec.gov/Archives/edgar/data/1178670/000095013504003965/b51070ape10vq.htm | https://www.sec.gov/Archives/edgar/data/1178670/000095013507001526/b63620ape10vk.htm | https://en.wikipedia.org/wiki/Alnylam_Pharmaceuticals | https://www.alnylam.com/about-alnylam | https://de.wikipedia.org/wiki/Alnylam_Pharmaceuticals | https://www.alnylam.com/index.php | https://zh.wikipedia.org/wiki/%E8%89%BE%E6%8B%89%E5%80%AB | https://en.wikipedia.org/wiki/Christoph_Westphal | https://en.wikipedia.org/wiki/John_Maraganore | https://en.wikipedia.org/wiki/Regulus_Therapeutics | https://peterson.ventureradar.com/organisation/Alnylam%20Pharmaceuticals%2C%20Inc_%5Bdot%5D_/b8d001ab-46ac-45ad-8a84-27d811de5afc | https://www.sec.gov/Archives/edgar/data/1178670/000095013505001747/b53309ape10vk.htm | https://dcfmodeling.com/blogs/history/alny-history-mission-ownership | https://www.thepharmaletter.com/ribopharma-in-all-share-merger-with-alnylam | https://canvasbusinessmodel.com/blogs/brief-history/alnylam-pharmaceuticals-brief-history | https://matrixbcg.com/blogs/brief-history/alnylam | https://www.sec.gov/Archives/edgar/data/1178670/000095012310018222/b78674e10vk.htm | https://www.alnylam.com/sites/default/files/pdfs/Alnylam-Corporate-Backgrounder.pdf | https://stocklight.com/stocks/us/nasdaq-alny/alnylam-pharmaceuticals/annual-reports/nasdaq-alny-2006-10K-06691350.pdf | https://data.tradingcomps.com/ref/Reflections-on-Alnylam.pdf | https://annualreport.stocklight.com/nasdaq/alny/14630577.pdf | https://www.oligotherapeutics.org/wp-content/uploads/2023/01/OTS-Alnylam.pdf | https://media.corporate-ir.net/media_files/irol/14/148005/05ar.pdf | https://www.reddit.com/r/biotech/comments/1cx5tnz | https://www.reddit.com/r/SECFilingsAI/comments/1ojypc8 | https://www.reddit.com/r/SECFilingsAI/comments/1me1kz0 | https://www.reddit.com/r/biotech/comments/1jmbord | https://www.sec.gov/Archives/edgar/data/1228679/000095013504000904/b48834a1sv1.htm | https://www.bioworld.com/articles/438313-rnai-companies-ribopharma-alnylam-merge-raise-246m | https://www.forbes.com/2003/07/07/cx_mh_0707alnylam.html | https://vertexaisearch.cloud.google.com/grounding-api-redirect/AUZIYQG3h_YjARqUj_0CJdrddgKIDAXhumEQAX3w74h4Uu5tnFTYg_P2_5eP15N0WP-MLmtKc-lW2HElYyy1VIME87vmwznuKXNPYEjJiR8-2UCva05EHAEvJsUORrl6mwvD9cBt2Fs= | https://vertexaisearch.cloud.google.com/grounding-api-redirect/AUZIYQHE8yre9uEcZ_biLfuD_myDDSSeIaIkmgdtAu4DMOraZ_t6fA1l41PiEadtyOF_x20lSyf1jJAYO3_7nIpYsXpVIvQHoC31VsEclMEq9Yvf4L0lUVK4_pdEkZ7ZhNuLRvDKloixZQI_KPu-cwbC2rqhU9LemCllAq0wz6x72lOMVdLVHHxZbwCARbPntAIcei5djb5RsYDVvau8oiVXnw== | https://vertexaisearch.cloud.google.com/grounding-api-redirect/AUZIYQEmBRu1ISPnGwEqW_ZDgevxkvzi2BCxcTnI0Z6b3kJ9sF18FjFtJA5GqDr1fcsROwNfjP11sC9uKFO4qiI-Zn9R1ColANnja38MW_twkGEuRrWdZN0T1QJhFvrO6XmaJ-UrrRRigDEgpBANWNSQuFdW | https://vertexaisearch.cloud.google.com/grounding-api-redirect/AUZIYQFwMu0Qkzni5siSQUNelX5DVTIphbq7QD_w8DN24NP-vEGPHVrZ3HRueGJpenVTe9DAAPH9KPjQ8mDZ_vLrPOVmV5M3zrSPzKK5kempbmkrE-gSWzx3Avyd0pIPi-WlT7-daPP9UDMrIpFD7pkXE4kTSoG7RBRaOcFWN3I= | https://vertexaisearch.cloud.google.com/grounding-api-redirect/AUZIYQGm5_0FstEVl6W9Uc09tBCaywfNH3_TWgUVaVCpdkQCCRSemnIyBjTjuDvzqRqEvdwlTjSiVngWA0oB_pJvas9Tl7eOwgtBjgB5Z0pu0ryWt-fw0FB9G3KnxsoMOQ-pyw6xIeWzRfkzHzL1mp1m0JR- | https://vertexaisearch.cloud.google.com/grounding-api-redirect/AUZIYQEMQz3AffLfWY9cmJfk_SHNEd19CF4rFFZJc7JaJtUDoQoWTRtROTXMmxv_MsPKIKOZuQ8WfaU48siDiBKEDYe4Sq37z0SFIAGqKlAFrdLpKfFtBvg7liA-Vw1mU5ycgW4hyaAJ-iDPUyyjZMM0vSk8QuAGTe9NKi0SoP5C-QA= | https://vertexaisearch.cloud.google.com/grounding-api-redirect/AUZIYQFZIVQYU-UGUfVlfVe4UR8Rfb1NVhgk0GyJ1MUB7AxdckuQZZ41rEwD8SJKUeL0mb0ySHr9kw1ZJZoomxE1sr3CpfCRW9a4BgAEx78zeAxKXNluVLpD4BddS2OC78HyEkNqUjXJ0vbX-BLZVHkF55nVrx7lLxpVZCNscspN9uar | https://www.wsj.com/articles/SB105752103163937200 | https://www.bioworld.com/articles/470166,"Official SEC filings from Alnylam explicitly state that on July 31, 2003 Alnylam acquired all outstanding voting shares of Ribopharma AG, accounted for the transaction as an asset purchase, and thereafter treated Ribopharma AG as a wholly owned subsidiary. While some secondary sources describe the deal as a merger, the primary-source company disclosure is clearer and more authoritative."
Alnylam Pharmaceuticals Inc,"Nucleonics, Inc.",Acquisition,0.93,1.0,2,3,resolved_by_resolution_agent,False,https://www.sec.gov/Archives/edgar/data/1178670/000156459018002152/alny-10k_20171231.htm | https://investors.alnylam.com/press-release?id=12981 | https://www.biospace.com/alnylam-pharmaceuticals-strengthens-intellectual-property-estate-through-acquisition-of-nucleonics-inc-patent-assets | https://alnylampharmaceuticalsinc.gcs-web.com/static-files/66c22862-4f85-45e3-84d9-4c58d38057af | https://investor.illumina.com/news/press-release-details/2025/Alnylam-Pharmaceuticals-joins-Alliance-for-Genomic-Discovery-expanding-diverse-clinical-genomic-dataset-to-drive-precision-medicine/default.aspx | https://nationaltoday.com/us/ny/new-york/news/2026/03/17/bamco-inc-ny-acquires-new-shares-in-alnylam-pharmaceuticals-inc-alny/ | https://investor.regeneron.com/news-releases/news-release-details/regeneron-and-alnylam-announce-broad-collaboration-discover | https://arrowheadpharma.com/en-us/newsroom/alnylam-and-arrowhead-form-collaboration-and-licensing-agreement | https://ir.ionispharma.com/news-releases/news-release-details/isis-pharmaceuticals-forms-strategic-alliance-alnylam | https://en.wikipedia.org/wiki/Alnylam_Pharmaceuticals | https://www.ainvest.com/news/alnylam-pharmaceuticals-joins-alliance-genomic-discovery-accelerate-therapeutic-target-discovery-2509/ | https://healthcare.levinassociates.com/2023/08/30/agios-pharmaceuticals-acquires-alnylams-sirna-blood-disease-program/ | https://news.alnylam.com/leadership/articles/partnering-nucleate-support-young-biotech-entrepreneurs | https://www.insideprecisionmedicine.com/topics/precision-medicine/alnylam-joins-illumina-and-nashbio-for-faster-more-inclusive-drug-discovery/ | https://arrowheadpharma.com/en-us/newsroom/arrowhead-acquires-novartis-rnai-research-and-development | https://ir.ionispharma.com/news-releases/news-release-details/alnylam-and-isis-form-new-agreement-extending-decade-long | https://en.wikipedia.org/wiki/Regulus_Therapeutics | https://de.wikipedia.org/wiki/Alnylam_Pharmaceuticals | https://en.wikipedia.org/wiki/Zilebesiran | https://materials.proxyvote.com/Approved/02043Q/20220328/10KWP_497873.PDF | https://zh.wikipedia.org/wiki/%E8%89%BE%E6%8B%89%E5%80%AB | https://en.wikipedia.org/wiki/Ionis_Pharmaceuticals | https://stocklight.com/stocks/us/nasdaq-alny/alnylam-pharmaceuticals/annual-reports/nasdaq-alny-2009-10K-09647877.pdf | https://citeseerx.ist.psu.edu/document?doi=d6d4643ca327407981951e8c57f0eeaa0bbb18fb&repid=rep1&type=pdf | https://www.sec.gov/Archives/edgar/data/1228679/000122867918000019/alny-10k_20171231.htm | https://www.biospace.com/article/releases/alnylam-pharmaceuticals-strengthens-intellectual-property-estate-through-acquisition-of-nucleonics-inc-patent-assets-/ | https://investors.alnylam.com/press-release?id=12356 | https://vertexaisearch.cloud.google.com/grounding-api-redirect/AUZIYQEuDAUbMn1iXNBYgdUiJ1bMqGfmPHH90hxw9VpUuaHFNNRXP7Pkrj_8o_LT3HQ-2DTxrBp4IkkP72q06UwaL25qmnN2Q1OxZI-wqQPJN0bvCcwnCSwaAW2KXXXdVbe50Tv3Mra1yi392DfIck0EgHOiB-c692NK2OjugPIMfX4pHwCYRkTZ6prbpr_5UrFgcnILIB4= | https://vertexaisearch.cloud.google.com/grounding-api-redirect/AUZIYQFVI-gi09NdlgcLN-s0O9HZyXM-WIPVVwmWL7KaUzs6KwGbOqptbLC4sKvf5g2OFaxVraOvGUGqHK2kOGqPu8vUcC2UsfJP8mDIOjg15JXIQJDNtXLnIEunyQXXjkmJNf-B1hcHkeB-822lCIrxxcNKuElm0KHdboE2XXHb02ht98isz4PcL2wfQq6W8iU8p_e9wnP8UIAN--fJ | https://vertexaisearch.cloud.google.com/grounding-api-redirect/AUZIYQFfGvogqCYpD3oxVMYUs2hiQxQ3Up6-_aldf1WOgIchLWwHJ86cAQMC75T6fITcYJ9z4J5Tsu62UrOt3NMtXaOUUkc8xjKdDalV-pgFY25GxZMY127SylqDSv8QZFfl4TFVrDiVjI5WT3WIqd3s9SAj3AK91gDURo9uF9iYXOoPm2xXvHxPZVdftXrvVeqPs8y2Cnk5Yq0Bj4-3 | https://vertexaisearch.cloud.google.com/grounding-api-redirect/AUZIYQGsTN9zRPZTT9_rTVQi7XFJLqLCVhPhcG9X7tac8CdXNta6vOfsvmvyo642GF0rPiXceISC5UXYL_0M2OYDk9SCPhDuVkK0Q9Rr0q1LtzU3rBEOOsV4KQliEC9l4CL2hQVaWpRNEpq91kPfWAdLg7rWJPb7vTyxgjEpul04pnxDJcT5WOTdjtCqjkjAGyU= | https://vertexaisearch.cloud.google.com/grounding-api-redirect/AUZIYQGH_rgtxf5A4_EKuoLv9z1YoEw6IyCc7nmOSwOUxSdvKtdPAUHoAdy8Q09NrvQRs9ZSnrLQVrdPTAMSkjDpW-6eewSaY3xR_VwwU3Syyq5DFQQNrADImTbdY6otSGGdKkEq6b619qOzYAVsgyxyzrIrXRg8c8JmWEI7woi881uu99mIOhIzRvSbGOAmpvk1gg== | https://vertexaisearch.cloud.google.com/grounding-api-redirect/AUZIYQHgAtJl0mQKeX87o7H87v5qmk09yFilZVcZCJoQmP4a4gSEfsj74EtNVu2icE5RH_bGlh8CD2Ctd3qHDGFBaoAeCVB3noBfWoEs4ZkuWJGYbXRlIrNORSiFEDkJnB927361CC-OoFcGkghymP2MxdZjpp3oW7Aep9zIGK2ehTkeBqKp5joVQfQi3hj8SrH0aA== | https://vertexaisearch.cloud.google.com/grounding-api-redirect/AUZIYQGeoHsQnuCOWFHOxGZ38S1FPoDF3ayLnFZQMzXPjs6kdYmLRN8DRSHED8md8KnJxcL3XFCg047SLRZvwITwWsrbEnWlk92wf3cNCF__BdEkG4pjXonE-PDO5oesrHVLHwd8iLmIZYQT9LTucgx_xHvtrOgB30SGemhvm9Yi7FDwhmoI | https://vertexaisearch.cloud.google.com/grounding-api-redirect/AUZIYQHI9dLEQ-fhKs6Hp3BrjwgEo4DgINNpf_bMYbvl35bDxaOzsXfnlA09uNWwN944SOa2zGHNRBSnRYzIsa6GRLAnnGvGSD8BOGpGYdCJ2jC8hmiKdwqp8raNLfO3zuQHeNSMTq4PlEgHWph3HeCPnDgU | https://vertexaisearch.cloud.google.com/grounding-api-redirect/AUZIYQG5WPUrXHEe6rUUdTmq88hU1KPXmh3_xPNAlrPKKgxUvyjxCph-oWpLx-wxjkRheGNgIGMLapaTUKBizar34VqiW5UEmL828_RRCIuh0A9IGP_j2C0SD7q5-Ct-DJuaiuqL_4JfG0UCzo2qAI2YNORL0YxH | https://vertexaisearch.cloud.google.com/grounding-api-redirect/AUZIYQEKHo-4NeM94kw1GzNO_lRWtooyvY5DxFS76tuZ69f4kqHBZF24nJDKxzU1S1qk6X4EbAFgvw9JKYUQXyR_qC9QnaqPnEesGzjyF6tIuLQE3tm_CpbcFguI_Hoi4romSPLBjXrvmTxeNUchaKlQNOdf4JRb1z2i | https://www.technologynetworks.com/genomics/news/alnylam-announces-acquisition-of-nucleonics-patent-assets-186082,"Official Alnylam sources and SEC filings state that in December 2008 Alnylam acquired the intellectual property assets of Nucleonics, Inc. This is best classified as an acquisition of assets/IP, not a merger or subsidiary relationship."
